Id,DateTime,Date,Demand
1,1/04/2018 0:30,1/04/2018,5667.57
2,1/04/2018 1:00,1/04/2018,5510.28
3,1/04/2018 1:30,1/04/2018,5425.29
4,1/04/2018 2:00,1/04/2018,5386.56
5,1/04/2018 2:30,1/04/2018,5356.05
6,1/04/2018 3:00,1/04/2018,5340.31
7,1/04/2018 3:30,1/04/2018,5303.91
8,1/04/2018 4:00,1/04/2018,5256.74
9,1/04/2018 4:30,1/04/2018,5248.52
10,1/04/2018 5:00,1/04/2018,5289.53
11,1/04/2018 5:30,1/04/2018,5384.68
12,1/04/2018 6:00,1/04/2018,5376.22
13,1/04/2018 6:30,1/04/2018,5453.8
14,1/04/2018 7:00,1/04/2018,5491.82
15,1/04/2018 7:30,1/04/2018,5596.43
16,1/04/2018 8:00,1/04/2018,5653.11
17,1/04/2018 8:30,1/04/2018,5678.77
18,1/04/2018 9:00,1/04/2018,5729.6
19,1/04/2018 9:30,1/04/2018,5798.85
20,1/04/2018 10:00,1/04/2018,5807.35
21,1/04/2018 10:30,1/04/2018,5806.34
22,1/04/2018 11:00,1/04/2018,5772.37
23,1/04/2018 11:30,1/04/2018,5749
24,1/04/2018 12:00,1/04/2018,5753.06
25,1/04/2018 12:30,1/04/2018,5758.54
26,1/04/2018 13:00,1/04/2018,5777.07
27,1/04/2018 13:30,1/04/2018,5873.65
28,1/04/2018 14:00,1/04/2018,5946.93
29,1/04/2018 14:30,1/04/2018,6026.71
30,1/04/2018 15:00,1/04/2018,6149.94
31,1/04/2018 15:30,1/04/2018,6292.17
32,1/04/2018 16:00,1/04/2018,6439.06
33,1/04/2018 16:30,1/04/2018,6583.79
34,1/04/2018 17:00,1/04/2018,6729.78
35,1/04/2018 17:30,1/04/2018,6802.71
36,1/04/2018 18:00,1/04/2018,6851.31
37,1/04/2018 18:30,1/04/2018,7032.53
38,1/04/2018 19:00,1/04/2018,7089.48
39,1/04/2018 19:30,1/04/2018,6937.64
40,1/04/2018 20:00,1/04/2018,6839.84
41,1/04/2018 20:30,1/04/2018,6685.91
42,1/04/2018 21:00,1/04/2018,6539.72
43,1/04/2018 21:30,1/04/2018,6472.7
44,1/04/2018 22:00,1/04/2018,6376.76
45,1/04/2018 22:30,1/04/2018,6248.3
46,1/04/2018 23:00,1/04/2018,6225.75
47,1/04/2018 23:30,1/04/2018,6052.47
48,2/04/2018 0:00,2/04/2018,5752.16
49,2/04/2018 0:30,2/04/2018,5585.92
50,2/04/2018 1:00,2/04/2018,5487.39
51,2/04/2018 1:30,2/04/2018,5404.98
52,2/04/2018 2:00,2/04/2018,5368.06
53,2/04/2018 2:30,2/04/2018,5345.31
54,2/04/2018 3:00,2/04/2018,5301.75
55,2/04/2018 3:30,2/04/2018,5298.83
56,2/04/2018 4:00,2/04/2018,5266.84
57,2/04/2018 4:30,2/04/2018,5282.43
58,2/04/2018 5:00,2/04/2018,5309.33
59,2/04/2018 5:30,2/04/2018,5383.65
60,2/04/2018 6:00,2/04/2018,5452.92
61,2/04/2018 6:30,2/04/2018,5552.66
62,2/04/2018 7:00,2/04/2018,5622.98
63,2/04/2018 7:30,2/04/2018,5743.13
64,2/04/2018 8:00,2/04/2018,5753.85
65,2/04/2018 8:30,2/04/2018,5851.17
66,2/04/2018 9:00,2/04/2018,5968.61
67,2/04/2018 9:30,2/04/2018,6036.34
68,2/04/2018 10:00,2/04/2018,6071.45
69,2/04/2018 10:30,2/04/2018,6038.46
70,2/04/2018 11:00,2/04/2018,6001.69
71,2/04/2018 11:30,2/04/2018,6028.92
72,2/04/2018 12:00,2/04/2018,6010.88
73,2/04/2018 12:30,2/04/2018,6005.61
74,2/04/2018 13:00,2/04/2018,6019.65
75,2/04/2018 13:30,2/04/2018,6027.32
76,2/04/2018 14:00,2/04/2018,6094.8
77,2/04/2018 14:30,2/04/2018,6192.32
78,2/04/2018 15:00,2/04/2018,6320.38
79,2/04/2018 15:30,2/04/2018,6484.59
80,2/04/2018 16:00,2/04/2018,6603.84
81,2/04/2018 16:30,2/04/2018,6804.67
82,2/04/2018 17:00,2/04/2018,6988.41
83,2/04/2018 17:30,2/04/2018,7127.87
84,2/04/2018 18:00,2/04/2018,7227.83
85,2/04/2018 18:30,2/04/2018,7374.94
86,2/04/2018 19:00,2/04/2018,7372.96
87,2/04/2018 19:30,2/04/2018,7201.88
88,2/04/2018 20:00,2/04/2018,7036.45
89,2/04/2018 20:30,2/04/2018,6894.84
90,2/04/2018 21:00,2/04/2018,6708.79
91,2/04/2018 21:30,2/04/2018,6514.35
92,2/04/2018 22:00,2/04/2018,6344.51
93,2/04/2018 22:30,2/04/2018,6223.87
94,2/04/2018 23:00,2/04/2018,6184.2
95,2/04/2018 23:30,2/04/2018,6008.7
96,3/04/2018 0:00,3/04/2018,5734
97,3/04/2018 0:30,3/04/2018,5586.37
98,3/04/2018 1:00,3/04/2018,5465.43
99,3/04/2018 1:30,3/04/2018,5360.4
100,3/04/2018 2:00,3/04/2018,5296.42
101,3/04/2018 2:30,3/04/2018,5281.21
102,3/04/2018 3:00,3/04/2018,5281.82
103,3/04/2018 3:30,3/04/2018,5263.49
104,3/04/2018 4:00,3/04/2018,5271.33
105,3/04/2018 4:30,3/04/2018,5320.26
106,3/04/2018 5:00,3/04/2018,5433.37
107,3/04/2018 5:30,3/04/2018,5604.82
108,3/04/2018 6:00,3/04/2018,5798.09
109,3/04/2018 6:30,3/04/2018,6062.14
110,3/04/2018 7:00,3/04/2018,6327.65
111,3/04/2018 7:30,3/04/2018,6565.33
112,3/04/2018 8:00,3/04/2018,6642.76
113,3/04/2018 8:30,3/04/2018,6714.61
114,3/04/2018 9:00,3/04/2018,6787.13
115,3/04/2018 9:30,3/04/2018,6743.56
116,3/04/2018 10:00,3/04/2018,6662.7
117,3/04/2018 10:30,3/04/2018,6591.48
118,3/04/2018 11:00,3/04/2018,6591.15
119,3/04/2018 11:30,3/04/2018,6544.33
120,3/04/2018 12:00,3/04/2018,6522.25
121,3/04/2018 12:30,3/04/2018,6489.94
122,3/04/2018 13:00,3/04/2018,6507.43
123,3/04/2018 13:30,3/04/2018,6564.19
124,3/04/2018 14:00,3/04/2018,6650.96
125,3/04/2018 14:30,3/04/2018,6716.3
126,3/04/2018 15:00,3/04/2018,6767.28
127,3/04/2018 15:30,3/04/2018,6890.84
128,3/04/2018 16:00,3/04/2018,6993.56
129,3/04/2018 16:30,3/04/2018,7147.31
130,3/04/2018 17:00,3/04/2018,7277.83
131,3/04/2018 17:30,3/04/2018,7345.59
132,3/04/2018 18:00,3/04/2018,7369.45
133,3/04/2018 18:30,3/04/2018,7514.79
134,3/04/2018 19:00,3/04/2018,7539.59
135,3/04/2018 19:30,3/04/2018,7329.99
136,3/04/2018 20:00,3/04/2018,7174.49
137,3/04/2018 20:30,3/04/2018,7031.86
138,3/04/2018 21:00,3/04/2018,6816.19
139,3/04/2018 21:30,3/04/2018,6680.19
140,3/04/2018 22:00,3/04/2018,6477.22
141,3/04/2018 22:30,3/04/2018,6367.31
142,3/04/2018 23:00,3/04/2018,6278.1
143,3/04/2018 23:30,3/04/2018,6071.02
144,4/04/2018 0:00,4/04/2018,5788.04
145,4/04/2018 0:30,4/04/2018,5625.02
146,4/04/2018 1:00,4/04/2018,5505.05
147,4/04/2018 1:30,4/04/2018,5405.88
148,4/04/2018 2:00,4/04/2018,5353.2
149,4/04/2018 2:30,4/04/2018,5354.74
150,4/04/2018 3:00,4/04/2018,5337.55
151,4/04/2018 3:30,4/04/2018,5341.16
152,4/04/2018 4:00,4/04/2018,5324.65
153,4/04/2018 4:30,4/04/2018,5392.9
154,4/04/2018 5:00,4/04/2018,5474.28
155,4/04/2018 5:30,4/04/2018,5662.53
156,4/04/2018 6:00,4/04/2018,5835.29
157,4/04/2018 6:30,4/04/2018,6128.15
158,4/04/2018 7:00,4/04/2018,6396.92
159,4/04/2018 7:30,4/04/2018,6639.35
160,4/04/2018 8:00,4/04/2018,6721.75
161,4/04/2018 8:30,4/04/2018,6829.82
162,4/04/2018 9:00,4/04/2018,6866.89
163,4/04/2018 9:30,4/04/2018,6851.51
164,4/04/2018 10:00,4/04/2018,6775.56
165,4/04/2018 10:30,4/04/2018,6660.06
166,4/04/2018 11:00,4/04/2018,6615.91
167,4/04/2018 11:30,4/04/2018,6609.48
168,4/04/2018 12:00,4/04/2018,6710.29
169,4/04/2018 12:30,4/04/2018,6645.62
170,4/04/2018 13:00,4/04/2018,6629.28
171,4/04/2018 13:30,4/04/2018,6705.78
172,4/04/2018 14:00,4/04/2018,6733.58
173,4/04/2018 14:30,4/04/2018,6738.92
174,4/04/2018 15:00,4/04/2018,6796.02
175,4/04/2018 15:30,4/04/2018,6850.14
176,4/04/2018 16:00,4/04/2018,6920.08
177,4/04/2018 16:30,4/04/2018,7049.48
178,4/04/2018 17:00,4/04/2018,7128.6
179,4/04/2018 17:30,4/04/2018,7191.23
180,4/04/2018 18:00,4/04/2018,7256.19
181,4/04/2018 18:30,4/04/2018,7410.23
182,4/04/2018 19:00,4/04/2018,7429.58
183,4/04/2018 19:30,4/04/2018,7238.53
184,4/04/2018 20:00,4/04/2018,7088.6
185,4/04/2018 20:30,4/04/2018,6963.92
186,4/04/2018 21:00,4/04/2018,6730.3
187,4/04/2018 21:30,4/04/2018,6592.31
188,4/04/2018 22:00,4/04/2018,6420.69
189,4/04/2018 22:30,4/04/2018,6334.35
190,4/04/2018 23:00,4/04/2018,6266.65
191,4/04/2018 23:30,4/04/2018,6112.9
192,5/04/2018 0:00,5/04/2018,5819.1
193,5/04/2018 0:30,5/04/2018,5601.7
194,5/04/2018 1:00,5/04/2018,5497.86
195,5/04/2018 1:30,5/04/2018,5396.36
196,5/04/2018 2:00,5/04/2018,5330.58
197,5/04/2018 2:30,5/04/2018,5315.96
198,5/04/2018 3:00,5/04/2018,5273.87
199,5/04/2018 3:30,5/04/2018,5291
200,5/04/2018 4:00,5/04/2018,5290.6
201,5/04/2018 4:30,5/04/2018,5340.71
202,5/04/2018 5:00,5/04/2018,5401.59
203,5/04/2018 5:30,5/04/2018,5588.31
204,5/04/2018 6:00,5/04/2018,5714.09
205,5/04/2018 6:30,5/04/2018,5939.07
206,5/04/2018 7:00,5/04/2018,6195.43
207,5/04/2018 7:30,5/04/2018,6388.62
208,5/04/2018 8:00,5/04/2018,6406.68
209,5/04/2018 8:30,5/04/2018,6440.53
210,5/04/2018 9:00,5/04/2018,6412.93
211,5/04/2018 9:30,5/04/2018,6359.69
212,5/04/2018 10:00,5/04/2018,6335.14
213,5/04/2018 10:30,5/04/2018,6248.74
214,5/04/2018 11:00,5/04/2018,6239.51
215,5/04/2018 11:30,5/04/2018,6296.8
216,5/04/2018 12:00,5/04/2018,6337.03
217,5/04/2018 12:30,5/04/2018,6363.39
218,5/04/2018 13:00,5/04/2018,6430.49
219,5/04/2018 13:30,5/04/2018,6487.69
220,5/04/2018 14:00,5/04/2018,6543.73
221,5/04/2018 14:30,5/04/2018,6658.07
222,5/04/2018 15:00,5/04/2018,6677.31
223,5/04/2018 15:30,5/04/2018,6789.23
224,5/04/2018 16:00,5/04/2018,6888.65
225,5/04/2018 16:30,5/04/2018,7004.06
226,5/04/2018 17:00,5/04/2018,7093.04
227,5/04/2018 17:30,5/04/2018,7192.2
228,5/04/2018 18:00,5/04/2018,7273.31
229,5/04/2018 18:30,5/04/2018,7429.79
230,5/04/2018 19:00,5/04/2018,7463.18
231,5/04/2018 19:30,5/04/2018,7304.85
232,5/04/2018 20:00,5/04/2018,7158.45
233,5/04/2018 20:30,5/04/2018,7031.39
234,5/04/2018 21:00,5/04/2018,6819.29
235,5/04/2018 21:30,5/04/2018,6678.64
236,5/04/2018 22:00,5/04/2018,6431.79
237,5/04/2018 22:30,5/04/2018,6315.08
238,5/04/2018 23:00,5/04/2018,6258.84
239,5/04/2018 23:30,5/04/2018,6036.58
240,6/04/2018 0:00,6/04/2018,5778.43
241,6/04/2018 0:30,6/04/2018,5608.94
242,6/04/2018 1:00,6/04/2018,5475.69
243,6/04/2018 1:30,6/04/2018,5387
244,6/04/2018 2:00,6/04/2018,5316.31
245,6/04/2018 2:30,6/04/2018,5276.58
246,6/04/2018 3:00,6/04/2018,5299.82
247,6/04/2018 3:30,6/04/2018,5284.35
248,6/04/2018 4:00,6/04/2018,5267.41
249,6/04/2018 4:30,6/04/2018,5337.68
250,6/04/2018 5:00,6/04/2018,5396.52
251,6/04/2018 5:30,6/04/2018,5587.13
252,6/04/2018 6:00,6/04/2018,5768.72
253,6/04/2018 6:30,6/04/2018,6013.42
254,6/04/2018 7:00,6/04/2018,6234.6
255,6/04/2018 7:30,6/04/2018,6443.05
256,6/04/2018 8:00,6/04/2018,6404.42
257,6/04/2018 8:30,6/04/2018,6444.17
258,6/04/2018 9:00,6/04/2018,6424.95
259,6/04/2018 9:30,6/04/2018,6389.07
260,6/04/2018 10:00,6/04/2018,6402.75
261,6/04/2018 10:30,6/04/2018,6409.06
262,6/04/2018 11:00,6/04/2018,6357.34
263,6/04/2018 11:30,6/04/2018,6295.35
264,6/04/2018 12:00,6/04/2018,6312.87
265,6/04/2018 12:30,6/04/2018,6239.38
266,6/04/2018 13:00,6/04/2018,6231.47
267,6/04/2018 13:30,6/04/2018,6287.28
268,6/04/2018 14:00,6/04/2018,6374.61
269,6/04/2018 14:30,6/04/2018,6465.03
270,6/04/2018 15:00,6/04/2018,6685.5
271,6/04/2018 15:30,6/04/2018,6926.56
272,6/04/2018 16:00,6/04/2018,6974.93
273,6/04/2018 16:30,6/04/2018,7099.49
274,6/04/2018 17:00,6/04/2018,7195.85
275,6/04/2018 17:30,6/04/2018,7203.54
276,6/04/2018 18:00,6/04/2018,7170.4
277,6/04/2018 18:30,6/04/2018,7291.67
278,6/04/2018 19:00,6/04/2018,7326.98
279,6/04/2018 19:30,6/04/2018,7117.28
280,6/04/2018 20:00,6/04/2018,6975.08
281,6/04/2018 20:30,6/04/2018,6890.82
282,6/04/2018 21:00,6/04/2018,6717.82
283,6/04/2018 21:30,6/04/2018,6596.29
284,6/04/2018 22:00,6/04/2018,6466.35
285,6/04/2018 22:30,6/04/2018,6352.57
286,6/04/2018 23:00,6/04/2018,6274.43
287,6/04/2018 23:30,6/04/2018,6125.65
288,7/04/2018 0:00,7/04/2018,5801.74
289,7/04/2018 0:30,7/04/2018,5634.11
290,7/04/2018 1:00,7/04/2018,5513.03
291,7/04/2018 1:30,7/04/2018,5407.24
292,7/04/2018 2:00,7/04/2018,5342.78
293,7/04/2018 2:30,7/04/2018,5315.5
294,7/04/2018 3:00,7/04/2018,5275.44
295,7/04/2018 3:30,7/04/2018,5258.8
296,7/04/2018 4:00,7/04/2018,5246.47
297,7/04/2018 4:30,7/04/2018,5265.69
298,7/04/2018 5:00,7/04/2018,5310.86
299,7/04/2018 5:30,7/04/2018,5403.44
300,7/04/2018 6:00,7/04/2018,5473.19
301,7/04/2018 6:30,7/04/2018,5568.63
302,7/04/2018 7:00,7/04/2018,5655.22
303,7/04/2018 7:30,7/04/2018,5753.37
304,7/04/2018 8:00,7/04/2018,5744.8
305,7/04/2018 8:30,7/04/2018,5788.79
306,7/04/2018 9:00,7/04/2018,5842.06
307,7/04/2018 9:30,7/04/2018,5890.53
308,7/04/2018 10:00,7/04/2018,5890.91
309,7/04/2018 10:30,7/04/2018,5864.82
310,7/04/2018 11:00,7/04/2018,5787.66
311,7/04/2018 11:30,7/04/2018,5744.1
312,7/04/2018 12:00,7/04/2018,5761.41
313,7/04/2018 12:30,7/04/2018,5741.48
314,7/04/2018 13:00,7/04/2018,5743.06
315,7/04/2018 13:30,7/04/2018,5818.45
316,7/04/2018 14:00,7/04/2018,5827.92
317,7/04/2018 14:30,7/04/2018,5896.85
318,7/04/2018 15:00,7/04/2018,6002.92
319,7/04/2018 15:30,7/04/2018,6172.68
320,7/04/2018 16:00,7/04/2018,6289.17
321,7/04/2018 16:30,7/04/2018,6460.89
322,7/04/2018 17:00,7/04/2018,6657.09
323,7/04/2018 17:30,7/04/2018,6831.95
324,7/04/2018 18:00,7/04/2018,6854.88
325,7/04/2018 18:30,7/04/2018,7026.27
326,7/04/2018 19:00,7/04/2018,7023.78
327,7/04/2018 19:30,7/04/2018,6862.56
328,7/04/2018 20:00,7/04/2018,6765.9
329,7/04/2018 20:30,7/04/2018,6628.14
330,7/04/2018 21:00,7/04/2018,6493.78
331,7/04/2018 21:30,7/04/2018,6367.34
332,7/04/2018 22:00,7/04/2018,6213.3
333,7/04/2018 22:30,7/04/2018,6178.39
334,7/04/2018 23:00,7/04/2018,6159.47
335,7/04/2018 23:30,7/04/2018,6013.8
336,8/04/2018 0:00,8/04/2018,5720.83
337,8/04/2018 0:30,8/04/2018,5513.76
338,8/04/2018 1:00,8/04/2018,5405.03
339,8/04/2018 1:30,8/04/2018,5343.27
340,8/04/2018 2:00,8/04/2018,5244.87
341,8/04/2018 2:30,8/04/2018,5212.92
342,8/04/2018 3:00,8/04/2018,5187.76
343,8/04/2018 3:30,8/04/2018,5189.6
344,8/04/2018 4:00,8/04/2018,5165.42
345,8/04/2018 4:30,8/04/2018,5206.9
346,8/04/2018 5:00,8/04/2018,5193.68
347,8/04/2018 5:30,8/04/2018,5275.46
348,8/04/2018 6:00,8/04/2018,5316.54
349,8/04/2018 6:30,8/04/2018,5350.02
350,8/04/2018 7:00,8/04/2018,5414.21
351,8/04/2018 7:30,8/04/2018,5535.85
352,8/04/2018 8:00,8/04/2018,5558.67
353,8/04/2018 8:30,8/04/2018,5622.47
354,8/04/2018 9:00,8/04/2018,5587.12
355,8/04/2018 9:30,8/04/2018,5565.38
356,8/04/2018 10:00,8/04/2018,5561.65
357,8/04/2018 10:30,8/04/2018,5623.77
358,8/04/2018 11:00,8/04/2018,5622.4
359,8/04/2018 11:30,8/04/2018,5638.26
360,8/04/2018 12:00,8/04/2018,5662.59
361,8/04/2018 12:30,8/04/2018,5673.77
362,8/04/2018 13:00,8/04/2018,5627.93
363,8/04/2018 13:30,8/04/2018,5679.62
364,8/04/2018 14:00,8/04/2018,5792.91
365,8/04/2018 14:30,8/04/2018,5866.42
366,8/04/2018 15:00,8/04/2018,5961.4
367,8/04/2018 15:30,8/04/2018,6135.58
368,8/04/2018 16:00,8/04/2018,6317.66
369,8/04/2018 16:30,8/04/2018,6482.1
370,8/04/2018 17:00,8/04/2018,6689.63
371,8/04/2018 17:30,8/04/2018,6854.94
372,8/04/2018 18:00,8/04/2018,6960.81
373,8/04/2018 18:30,8/04/2018,7172.38
374,8/04/2018 19:00,8/04/2018,7179.75
375,8/04/2018 19:30,8/04/2018,6991.04
376,8/04/2018 20:00,8/04/2018,6873.92
377,8/04/2018 20:30,8/04/2018,6771.09
378,8/04/2018 21:00,8/04/2018,6588.3
379,8/04/2018 21:30,8/04/2018,6427.69
380,8/04/2018 22:00,8/04/2018,6235.33
381,8/04/2018 22:30,8/04/2018,6125.06
382,8/04/2018 23:00,8/04/2018,6119.15
383,8/04/2018 23:30,8/04/2018,5941.59
384,9/04/2018 0:00,9/04/2018,5688.64
385,9/04/2018 0:30,9/04/2018,5517.61
386,9/04/2018 1:00,9/04/2018,5413.37
387,9/04/2018 1:30,9/04/2018,5333.8
388,9/04/2018 2:00,9/04/2018,5278.09
389,9/04/2018 2:30,9/04/2018,5285.43
390,9/04/2018 3:00,9/04/2018,5288.37
391,9/04/2018 3:30,9/04/2018,5280.19
392,9/04/2018 4:00,9/04/2018,5262.94
393,9/04/2018 4:30,9/04/2018,5325.2
394,9/04/2018 5:00,9/04/2018,5399.12
395,9/04/2018 5:30,9/04/2018,5602.92
396,9/04/2018 6:00,9/04/2018,5748.08
397,9/04/2018 6:30,9/04/2018,6031.84
398,9/04/2018 7:00,9/04/2018,6243.85
399,9/04/2018 7:30,9/04/2018,6478.01
400,9/04/2018 8:00,9/04/2018,6528.57
401,9/04/2018 8:30,9/04/2018,6504.13
402,9/04/2018 9:00,9/04/2018,6475.61
403,9/04/2018 9:30,9/04/2018,6466.51
404,9/04/2018 10:00,9/04/2018,6399.07
405,9/04/2018 10:30,9/04/2018,6444.58
406,9/04/2018 11:00,9/04/2018,6441.41
407,9/04/2018 11:30,9/04/2018,6428.87
408,9/04/2018 12:00,9/04/2018,6425.93
409,9/04/2018 12:30,9/04/2018,6441.43
410,9/04/2018 13:00,9/04/2018,6523.6
411,9/04/2018 13:30,9/04/2018,6577.73
412,9/04/2018 14:00,9/04/2018,6713.91
413,9/04/2018 14:30,9/04/2018,6837.1
414,9/04/2018 15:00,9/04/2018,6917.91
415,9/04/2018 15:30,9/04/2018,7072.23
416,9/04/2018 16:00,9/04/2018,7249.38
417,9/04/2018 16:30,9/04/2018,7381
418,9/04/2018 17:00,9/04/2018,7575.76
419,9/04/2018 17:30,9/04/2018,7573.44
420,9/04/2018 18:00,9/04/2018,7626.44
421,9/04/2018 18:30,9/04/2018,7757.52
422,9/04/2018 19:00,9/04/2018,7775.86
423,9/04/2018 19:30,9/04/2018,7516.91
424,9/04/2018 20:00,9/04/2018,7348.17
425,9/04/2018 20:30,9/04/2018,7170.88
426,9/04/2018 21:00,9/04/2018,6965.58
427,9/04/2018 21:30,9/04/2018,6829.48
428,9/04/2018 22:00,9/04/2018,6645.64
429,9/04/2018 22:30,9/04/2018,6535.65
430,9/04/2018 23:00,9/04/2018,6419.52
431,9/04/2018 23:30,9/04/2018,6228.5
432,10/04/2018 0:00,10/04/2018,5919.84
433,10/04/2018 0:30,10/04/2018,5703.7
434,10/04/2018 1:00,10/04/2018,5595.03
435,10/04/2018 1:30,10/04/2018,5512.99
436,10/04/2018 2:00,10/04/2018,5442.79
437,10/04/2018 2:30,10/04/2018,5405.4
438,10/04/2018 3:00,10/04/2018,5403.52
439,10/04/2018 3:30,10/04/2018,5323.89
440,10/04/2018 4:00,10/04/2018,5325.97
441,10/04/2018 4:30,10/04/2018,5400.86
442,10/04/2018 5:00,10/04/2018,5454.66
443,10/04/2018 5:30,10/04/2018,5622.85
444,10/04/2018 6:00,10/04/2018,5837.14
445,10/04/2018 6:30,10/04/2018,6068.9
446,10/04/2018 7:00,10/04/2018,6242.98
447,10/04/2018 7:30,10/04/2018,6447.21
448,10/04/2018 8:00,10/04/2018,6432.89
449,10/04/2018 8:30,10/04/2018,6349.01
450,10/04/2018 9:00,10/04/2018,6354.94
451,10/04/2018 9:30,10/04/2018,6289.2
452,10/04/2018 10:00,10/04/2018,6219.13
453,10/04/2018 10:30,10/04/2018,6241.58
454,10/04/2018 11:00,10/04/2018,6233.43
455,10/04/2018 11:30,10/04/2018,6289.35
456,10/04/2018 12:00,10/04/2018,6336.21
457,10/04/2018 12:30,10/04/2018,6390.87
458,10/04/2018 13:00,10/04/2018,6496.36
459,10/04/2018 13:30,10/04/2018,6589.85
460,10/04/2018 14:00,10/04/2018,6699.54
461,10/04/2018 14:30,10/04/2018,6883.56
462,10/04/2018 15:00,10/04/2018,6972.76
463,10/04/2018 15:30,10/04/2018,7102.23
464,10/04/2018 16:00,10/04/2018,7213.43
465,10/04/2018 16:30,10/04/2018,7338.98
466,10/04/2018 17:00,10/04/2018,7506.15
467,10/04/2018 17:30,10/04/2018,7526.26
468,10/04/2018 18:00,10/04/2018,7530.57
469,10/04/2018 18:30,10/04/2018,7659.93
470,10/04/2018 19:00,10/04/2018,7691.51
471,10/04/2018 19:30,10/04/2018,7485.6
472,10/04/2018 20:00,10/04/2018,7334.73
473,10/04/2018 20:30,10/04/2018,7171.85
474,10/04/2018 21:00,10/04/2018,6955.38
475,10/04/2018 21:30,10/04/2018,6798.21
476,10/04/2018 22:00,10/04/2018,6590.24
477,10/04/2018 22:30,10/04/2018,6497.69
478,10/04/2018 23:00,10/04/2018,6416.93
479,10/04/2018 23:30,10/04/2018,6231.9
480,11/04/2018 0:00,11/04/2018,5909.66
481,11/04/2018 0:30,11/04/2018,5735.57
482,11/04/2018 1:00,11/04/2018,5631.36
483,11/04/2018 1:30,11/04/2018,5530.34
484,11/04/2018 2:00,11/04/2018,5432.51
485,11/04/2018 2:30,11/04/2018,5443.6
486,11/04/2018 3:00,11/04/2018,5359.22
487,11/04/2018 3:30,11/04/2018,5346.83
488,11/04/2018 4:00,11/04/2018,5338.85
489,11/04/2018 4:30,11/04/2018,5382.2
490,11/04/2018 5:00,11/04/2018,5464.72
491,11/04/2018 5:30,11/04/2018,5645.58
492,11/04/2018 6:00,11/04/2018,5856.82
493,11/04/2018 6:30,11/04/2018,6093.87
494,11/04/2018 7:00,11/04/2018,6342.69
495,11/04/2018 7:30,11/04/2018,6540.9
496,11/04/2018 8:00,11/04/2018,6536.3
497,11/04/2018 8:30,11/04/2018,6534.68
498,11/04/2018 9:00,11/04/2018,6502.25
499,11/04/2018 9:30,11/04/2018,6488.56
500,11/04/2018 10:00,11/04/2018,6413.58
501,11/04/2018 10:30,11/04/2018,6351.68
502,11/04/2018 11:00,11/04/2018,6292.55
503,11/04/2018 11:30,11/04/2018,6271.73
504,11/04/2018 12:00,11/04/2018,6233.12
505,11/04/2018 12:30,11/04/2018,6209.16
506,11/04/2018 13:00,11/04/2018,6267.03
507,11/04/2018 13:30,11/04/2018,6374.61
508,11/04/2018 14:00,11/04/2018,6420.63
509,11/04/2018 14:30,11/04/2018,6528.38
510,11/04/2018 15:00,11/04/2018,6619.51
511,11/04/2018 15:30,11/04/2018,6716.96
512,11/04/2018 16:00,11/04/2018,6854.85
513,11/04/2018 16:30,11/04/2018,7039.41
514,11/04/2018 17:00,11/04/2018,7160.99
515,11/04/2018 17:30,11/04/2018,7236.82
516,11/04/2018 18:00,11/04/2018,7289.08
517,11/04/2018 18:30,11/04/2018,7424.26
518,11/04/2018 19:00,11/04/2018,7428.67
519,11/04/2018 19:30,11/04/2018,7232.19
520,11/04/2018 20:00,11/04/2018,7138.69
521,11/04/2018 20:30,11/04/2018,6987.19
522,11/04/2018 21:00,11/04/2018,6740.2
523,11/04/2018 21:30,11/04/2018,6652.87
524,11/04/2018 22:00,11/04/2018,6445.03
525,11/04/2018 22:30,11/04/2018,6341.61
526,11/04/2018 23:00,11/04/2018,6252.46
527,11/04/2018 23:30,11/04/2018,6090.43
528,12/04/2018 0:00,12/04/2018,5774.1
529,12/04/2018 0:30,12/04/2018,5614.35
530,12/04/2018 1:00,12/04/2018,5510.76
531,12/04/2018 1:30,12/04/2018,5379.99
532,12/04/2018 2:00,12/04/2018,5376.63
533,12/04/2018 2:30,12/04/2018,5325.27
534,12/04/2018 3:00,12/04/2018,5311.81
535,12/04/2018 3:30,12/04/2018,5296.35
536,12/04/2018 4:00,12/04/2018,5307.59
537,12/04/2018 4:30,12/04/2018,5349.22
538,12/04/2018 5:00,12/04/2018,5470.58
539,12/04/2018 5:30,12/04/2018,5603.16
540,12/04/2018 6:00,12/04/2018,5801.79
541,12/04/2018 6:30,12/04/2018,6094.45
542,12/04/2018 7:00,12/04/2018,6323.75
543,12/04/2018 7:30,12/04/2018,6314.95
544,12/04/2018 8:00,12/04/2018,6228.94
545,12/04/2018 8:30,12/04/2018,6269.06
546,12/04/2018 9:00,12/04/2018,6439.03
547,12/04/2018 9:30,12/04/2018,6521.2
548,12/04/2018 10:00,12/04/2018,6449.01
549,12/04/2018 10:30,12/04/2018,6380.09
550,12/04/2018 11:00,12/04/2018,6467.22
551,12/04/2018 11:30,12/04/2018,6442.79
552,12/04/2018 12:00,12/04/2018,6380.06
553,12/04/2018 12:30,12/04/2018,6361.6
554,12/04/2018 13:00,12/04/2018,6355.18
555,12/04/2018 13:30,12/04/2018,6401.43
556,12/04/2018 14:00,12/04/2018,6474.65
557,12/04/2018 14:30,12/04/2018,6558
558,12/04/2018 15:00,12/04/2018,6586.18
559,12/04/2018 15:30,12/04/2018,6712.95
560,12/04/2018 16:00,12/04/2018,6876.56
561,12/04/2018 16:30,12/04/2018,6965.99
562,12/04/2018 17:00,12/04/2018,7082.61
563,12/04/2018 17:30,12/04/2018,7230.82
564,12/04/2018 18:00,12/04/2018,7420.86
565,12/04/2018 18:30,12/04/2018,7476.25
566,12/04/2018 19:00,12/04/2018,7502.26
567,12/04/2018 19:30,12/04/2018,7306.83
568,12/04/2018 20:00,12/04/2018,7206.71
569,12/04/2018 20:30,12/04/2018,7115.04
570,12/04/2018 21:00,12/04/2018,6918.01
571,12/04/2018 21:30,12/04/2018,6724.29
572,12/04/2018 22:00,12/04/2018,6524.85
573,12/04/2018 22:30,12/04/2018,6391.5
574,12/04/2018 23:00,12/04/2018,6315.91
575,12/04/2018 23:30,12/04/2018,6173.59
576,13/04/2018 0:00,13/04/2018,5857.83
577,13/04/2018 0:30,13/04/2018,5674.97
578,13/04/2018 1:00,13/04/2018,5540.54
579,13/04/2018 1:30,13/04/2018,5415.51
580,13/04/2018 2:00,13/04/2018,5334.01
581,13/04/2018 2:30,13/04/2018,5300.38
582,13/04/2018 3:00,13/04/2018,5297.95
583,13/04/2018 3:30,13/04/2018,5275.73
584,13/04/2018 4:00,13/04/2018,5276.17
585,13/04/2018 4:30,13/04/2018,5320.26
586,13/04/2018 5:00,13/04/2018,5383.97
587,13/04/2018 5:30,13/04/2018,5593.81
588,13/04/2018 6:00,13/04/2018,5750.2
589,13/04/2018 6:30,13/04/2018,5997.22
590,13/04/2018 7:00,13/04/2018,6230.17
591,13/04/2018 7:30,13/04/2018,6488.07
592,13/04/2018 8:00,13/04/2018,6460.85
593,13/04/2018 8:30,13/04/2018,6523.31
594,13/04/2018 9:00,13/04/2018,6472.4
595,13/04/2018 9:30,13/04/2018,6425.9
596,13/04/2018 10:00,13/04/2018,6427.49
597,13/04/2018 10:30,13/04/2018,6407.77
598,13/04/2018 11:00,13/04/2018,6419.72
599,13/04/2018 11:30,13/04/2018,6384.31
600,13/04/2018 12:00,13/04/2018,6407.57
601,13/04/2018 12:30,13/04/2018,6417.6
602,13/04/2018 13:00,13/04/2018,6501.85
603,13/04/2018 13:30,13/04/2018,6585.1
604,13/04/2018 14:00,13/04/2018,6681.49
605,13/04/2018 14:30,13/04/2018,6646.43
606,13/04/2018 15:00,13/04/2018,6695.26
607,13/04/2018 15:30,13/04/2018,6821.84
608,13/04/2018 16:00,13/04/2018,6916.46
609,13/04/2018 16:30,13/04/2018,7081.98
610,13/04/2018 17:00,13/04/2018,7191.46
611,13/04/2018 17:30,13/04/2018,7265.76
612,13/04/2018 18:00,13/04/2018,7276.04
613,13/04/2018 18:30,13/04/2018,7379.61
614,13/04/2018 19:00,13/04/2018,7337.37
615,13/04/2018 19:30,13/04/2018,7184.79
616,13/04/2018 20:00,13/04/2018,7074.67
617,13/04/2018 20:30,13/04/2018,6981.89
618,13/04/2018 21:00,13/04/2018,6794.1
619,13/04/2018 21:30,13/04/2018,6664.06
620,13/04/2018 22:00,13/04/2018,6464.55
621,13/04/2018 22:30,13/04/2018,6430.36
622,13/04/2018 23:00,13/04/2018,6329.26
623,13/04/2018 23:30,13/04/2018,6158.11
624,14/04/2018 0:00,14/04/2018,5876.37
625,14/04/2018 0:30,14/04/2018,5720.62
626,14/04/2018 1:00,14/04/2018,5595.38
627,14/04/2018 1:30,14/04/2018,5445.44
628,14/04/2018 2:00,14/04/2018,5368.35
629,14/04/2018 2:30,14/04/2018,5317.11
630,14/04/2018 3:00,14/04/2018,5292.61
631,14/04/2018 3:30,14/04/2018,5279.78
632,14/04/2018 4:00,14/04/2018,5268.21
633,14/04/2018 4:30,14/04/2018,5289.16
634,14/04/2018 5:00,14/04/2018,5338.71
635,14/04/2018 5:30,14/04/2018,5407.78
636,14/04/2018 6:00,14/04/2018,5495.12
637,14/04/2018 6:30,14/04/2018,5615.13
638,14/04/2018 7:00,14/04/2018,5701.81
639,14/04/2018 7:30,14/04/2018,5837.94
640,14/04/2018 8:00,14/04/2018,5897.94
641,14/04/2018 8:30,14/04/2018,5995.61
642,14/04/2018 9:00,14/04/2018,6069.67
643,14/04/2018 9:30,14/04/2018,6195.35
644,14/04/2018 10:00,14/04/2018,6242.55
645,14/04/2018 10:30,14/04/2018,6243.24
646,14/04/2018 11:00,14/04/2018,6228.75
647,14/04/2018 11:30,14/04/2018,6193.27
648,14/04/2018 12:00,14/04/2018,6193.59
649,14/04/2018 12:30,14/04/2018,6108.86
650,14/04/2018 13:00,14/04/2018,6135.17
651,14/04/2018 13:30,14/04/2018,6140.12
652,14/04/2018 14:00,14/04/2018,6095.53
653,14/04/2018 14:30,14/04/2018,5986.75
654,14/04/2018 15:00,14/04/2018,6087.55
655,14/04/2018 15:30,14/04/2018,6184.88
656,14/04/2018 16:00,14/04/2018,6347.57
657,14/04/2018 16:30,14/04/2018,6547.23
658,14/04/2018 17:00,14/04/2018,6711.95
659,14/04/2018 17:30,14/04/2018,6854.75
660,14/04/2018 18:00,14/04/2018,6963.48
661,14/04/2018 18:30,14/04/2018,7064.68
662,14/04/2018 19:00,14/04/2018,7043.88
663,14/04/2018 19:30,14/04/2018,6915.47
664,14/04/2018 20:00,14/04/2018,6812.44
665,14/04/2018 20:30,14/04/2018,6686.88
666,14/04/2018 21:00,14/04/2018,6523.29
667,14/04/2018 21:30,14/04/2018,6416.11
668,14/04/2018 22:00,14/04/2018,6248.46
669,14/04/2018 22:30,14/04/2018,6218.36
670,14/04/2018 23:00,14/04/2018,6178.29
671,14/04/2018 23:30,14/04/2018,6057.31
672,15/04/2018 0:00,15/04/2018,5774.33
673,15/04/2018 0:30,15/04/2018,5616.74
674,15/04/2018 1:00,15/04/2018,5486.65
675,15/04/2018 1:30,15/04/2018,5400.36
676,15/04/2018 2:00,15/04/2018,5361.51
677,15/04/2018 2:30,15/04/2018,5297.44
678,15/04/2018 3:00,15/04/2018,5254.67
679,15/04/2018 3:30,15/04/2018,5192.85
680,15/04/2018 4:00,15/04/2018,5192.98
681,15/04/2018 4:30,15/04/2018,5215.53
682,15/04/2018 5:00,15/04/2018,5248.22
683,15/04/2018 5:30,15/04/2018,5297.09
684,15/04/2018 6:00,15/04/2018,5343.89
685,15/04/2018 6:30,15/04/2018,5416.98
686,15/04/2018 7:00,15/04/2018,5465.13
687,15/04/2018 7:30,15/04/2018,5533.4
688,15/04/2018 8:00,15/04/2018,5535.21
689,15/04/2018 8:30,15/04/2018,5556.85
690,15/04/2018 9:00,15/04/2018,5570.89
691,15/04/2018 9:30,15/04/2018,5590.28
692,15/04/2018 10:00,15/04/2018,5575.26
693,15/04/2018 10:30,15/04/2018,5580.8
694,15/04/2018 11:00,15/04/2018,5581.59
695,15/04/2018 11:30,15/04/2018,5586.66
696,15/04/2018 12:00,15/04/2018,5653.44
697,15/04/2018 12:30,15/04/2018,5778.84
698,15/04/2018 13:00,15/04/2018,5870.47
699,15/04/2018 13:30,15/04/2018,6022.3
700,15/04/2018 14:00,15/04/2018,6190.14
701,15/04/2018 14:30,15/04/2018,6393.91
702,15/04/2018 15:00,15/04/2018,6544.73
703,15/04/2018 15:30,15/04/2018,6689.89
704,15/04/2018 16:00,15/04/2018,6844.72
705,15/04/2018 16:30,15/04/2018,7052.4
706,15/04/2018 17:00,15/04/2018,7202.31
707,15/04/2018 17:30,15/04/2018,7358.04
708,15/04/2018 18:00,15/04/2018,7486.6
709,15/04/2018 18:30,15/04/2018,7654.63
710,15/04/2018 19:00,15/04/2018,7646.76
711,15/04/2018 19:30,15/04/2018,7409.98
712,15/04/2018 20:00,15/04/2018,7278.22
713,15/04/2018 20:30,15/04/2018,7160.35
714,15/04/2018 21:00,15/04/2018,6869.56
715,15/04/2018 21:30,15/04/2018,6714.32
716,15/04/2018 22:00,15/04/2018,6519.91
717,15/04/2018 22:30,15/04/2018,6376.27
718,15/04/2018 23:00,15/04/2018,6370.18
719,15/04/2018 23:30,15/04/2018,6078.14
720,16/04/2018 0:00,16/04/2018,5816.17
721,16/04/2018 0:30,16/04/2018,5632.15
722,16/04/2018 1:00,16/04/2018,5512.53
723,16/04/2018 1:30,16/04/2018,5385.89
724,16/04/2018 2:00,16/04/2018,5372.3
725,16/04/2018 2:30,16/04/2018,5335.17
726,16/04/2018 3:00,16/04/2018,5317.83
727,16/04/2018 3:30,16/04/2018,5277.53
728,16/04/2018 4:00,16/04/2018,5300.37
729,16/04/2018 4:30,16/04/2018,5330.68
730,16/04/2018 5:00,16/04/2018,5380.13
731,16/04/2018 5:30,16/04/2018,5609.89
732,16/04/2018 6:00,16/04/2018,5821.95
733,16/04/2018 6:30,16/04/2018,6069.59
734,16/04/2018 7:00,16/04/2018,6337.02
735,16/04/2018 7:30,16/04/2018,6559.71
736,16/04/2018 8:00,16/04/2018,6548.67
737,16/04/2018 8:30,16/04/2018,6540.92
738,16/04/2018 9:00,16/04/2018,6511.6
739,16/04/2018 9:30,16/04/2018,6562.96
740,16/04/2018 10:00,16/04/2018,6449.8
741,16/04/2018 10:30,16/04/2018,6411.42
742,16/04/2018 11:00,16/04/2018,6427.35
743,16/04/2018 11:30,16/04/2018,6468.09
744,16/04/2018 12:00,16/04/2018,6503.53
745,16/04/2018 12:30,16/04/2018,6532.44
746,16/04/2018 13:00,16/04/2018,6634
747,16/04/2018 13:30,16/04/2018,6743.52
748,16/04/2018 14:00,16/04/2018,6855.53
749,16/04/2018 14:30,16/04/2018,6963.79
750,16/04/2018 15:00,16/04/2018,7134.99
751,16/04/2018 15:30,16/04/2018,7296.91
752,16/04/2018 16:00,16/04/2018,7440.14
753,16/04/2018 16:30,16/04/2018,7597.04
754,16/04/2018 17:00,16/04/2018,7757.89
755,16/04/2018 17:30,16/04/2018,7777.07
756,16/04/2018 18:00,16/04/2018,7865.46
757,16/04/2018 18:30,16/04/2018,7945.52
758,16/04/2018 19:00,16/04/2018,7914.95
759,16/04/2018 19:30,16/04/2018,7665.18
760,16/04/2018 20:00,16/04/2018,7496.76
761,16/04/2018 20:30,16/04/2018,7306
762,16/04/2018 21:00,16/04/2018,7080.35
763,16/04/2018 21:30,16/04/2018,6890.08
764,16/04/2018 22:00,16/04/2018,6629.7
765,16/04/2018 22:30,16/04/2018,6500.09
766,16/04/2018 23:00,16/04/2018,6412.72
767,16/04/2018 23:30,16/04/2018,6126.31
768,17/04/2018 0:00,17/04/2018,5846.02
769,17/04/2018 0:30,17/04/2018,5703.22
770,17/04/2018 1:00,17/04/2018,5585.91
771,17/04/2018 1:30,17/04/2018,5457.77
772,17/04/2018 2:00,17/04/2018,5394.7
773,17/04/2018 2:30,17/04/2018,5357.68
774,17/04/2018 3:00,17/04/2018,5330.53
775,17/04/2018 3:30,17/04/2018,5329.07
776,17/04/2018 4:00,17/04/2018,5287.33
777,17/04/2018 4:30,17/04/2018,5398.02
778,17/04/2018 5:00,17/04/2018,5447.29
779,17/04/2018 5:30,17/04/2018,5616.26
780,17/04/2018 6:00,17/04/2018,5849.62
781,17/04/2018 6:30,17/04/2018,6165.76
782,17/04/2018 7:00,17/04/2018,6444.7
783,17/04/2018 7:30,17/04/2018,6620.66
784,17/04/2018 8:00,17/04/2018,6541.28
785,17/04/2018 8:30,17/04/2018,6454.68
786,17/04/2018 9:00,17/04/2018,6366.16
787,17/04/2018 9:30,17/04/2018,6328.55
788,17/04/2018 10:00,17/04/2018,6295.71
789,17/04/2018 10:30,17/04/2018,6303.11
790,17/04/2018 11:00,17/04/2018,6328.83
791,17/04/2018 11:30,17/04/2018,6302.53
792,17/04/2018 12:00,17/04/2018,6386.8
793,17/04/2018 12:30,17/04/2018,6480.75
794,17/04/2018 13:00,17/04/2018,6572.06
795,17/04/2018 13:30,17/04/2018,6639.32
796,17/04/2018 14:00,17/04/2018,6851.55
797,17/04/2018 14:30,17/04/2018,6969.62
798,17/04/2018 15:00,17/04/2018,7089.06
799,17/04/2018 15:30,17/04/2018,7195.08
800,17/04/2018 16:00,17/04/2018,7383.74
801,17/04/2018 16:30,17/04/2018,7545.4
802,17/04/2018 17:00,17/04/2018,7649.93
803,17/04/2018 17:30,17/04/2018,7652.91
804,17/04/2018 18:00,17/04/2018,7738.38
805,17/04/2018 18:30,17/04/2018,7809.88
806,17/04/2018 19:00,17/04/2018,7789.52
807,17/04/2018 19:30,17/04/2018,7515.74
808,17/04/2018 20:00,17/04/2018,7392.39
809,17/04/2018 20:30,17/04/2018,7265.96
810,17/04/2018 21:00,17/04/2018,7043.35
811,17/04/2018 21:30,17/04/2018,6846.17
812,17/04/2018 22:00,17/04/2018,6657.41
813,17/04/2018 22:30,17/04/2018,6554.64
814,17/04/2018 23:00,17/04/2018,6459.14
815,17/04/2018 23:30,17/04/2018,6229.22
816,18/04/2018 0:00,18/04/2018,5939.62
817,18/04/2018 0:30,18/04/2018,5742
818,18/04/2018 1:00,18/04/2018,5609.37
819,18/04/2018 1:30,18/04/2018,5513.89
820,18/04/2018 2:00,18/04/2018,5481.75
821,18/04/2018 2:30,18/04/2018,5432.64
822,18/04/2018 3:00,18/04/2018,5389.66
823,18/04/2018 3:30,18/04/2018,5407.28
824,18/04/2018 4:00,18/04/2018,5388
825,18/04/2018 4:30,18/04/2018,5470.52
826,18/04/2018 5:00,18/04/2018,5511.14
827,18/04/2018 5:30,18/04/2018,5708.49
828,18/04/2018 6:00,18/04/2018,5902.06
829,18/04/2018 6:30,18/04/2018,6186.34
830,18/04/2018 7:00,18/04/2018,6525.73
831,18/04/2018 7:30,18/04/2018,6805.09
832,18/04/2018 8:00,18/04/2018,6855.23
833,18/04/2018 8:30,18/04/2018,6821.64
834,18/04/2018 9:00,18/04/2018,6780.54
835,18/04/2018 9:30,18/04/2018,6814.77
836,18/04/2018 10:00,18/04/2018,6755.54
837,18/04/2018 10:30,18/04/2018,6738.41
838,18/04/2018 11:00,18/04/2018,6746.74
839,18/04/2018 11:30,18/04/2018,6774.42
840,18/04/2018 12:00,18/04/2018,6753.43
841,18/04/2018 12:30,18/04/2018,6782.17
842,18/04/2018 13:00,18/04/2018,6729.56
843,18/04/2018 13:30,18/04/2018,6702.75
844,18/04/2018 14:00,18/04/2018,6701.93
845,18/04/2018 14:30,18/04/2018,6726.76
846,18/04/2018 15:00,18/04/2018,6737.76
847,18/04/2018 15:30,18/04/2018,6837.78
848,18/04/2018 16:00,18/04/2018,6962.84
849,18/04/2018 16:30,18/04/2018,7088.86
850,18/04/2018 17:00,18/04/2018,7251.99
851,18/04/2018 17:30,18/04/2018,7333.21
852,18/04/2018 18:00,18/04/2018,7452.34
853,18/04/2018 18:30,18/04/2018,7482.99
854,18/04/2018 19:00,18/04/2018,7432.58
855,18/04/2018 19:30,18/04/2018,7262.86
856,18/04/2018 20:00,18/04/2018,7140.92
857,18/04/2018 20:30,18/04/2018,7010.8
858,18/04/2018 21:00,18/04/2018,6719.5
859,18/04/2018 21:30,18/04/2018,6557.78
860,18/04/2018 22:00,18/04/2018,6407.76
861,18/04/2018 22:30,18/04/2018,6305.19
862,18/04/2018 23:00,18/04/2018,6196.35
863,18/04/2018 23:30,18/04/2018,6044.97
864,19/04/2018 0:00,19/04/2018,5737.74
865,19/04/2018 0:30,19/04/2018,5570.03
866,19/04/2018 1:00,19/04/2018,5438.96
867,19/04/2018 1:30,19/04/2018,5335.47
868,19/04/2018 2:00,19/04/2018,5264.89
869,19/04/2018 2:30,19/04/2018,5255.66
870,19/04/2018 3:00,19/04/2018,5249.93
871,19/04/2018 3:30,19/04/2018,5210.92
872,19/04/2018 4:00,19/04/2018,5190.05
873,19/04/2018 4:30,19/04/2018,5292.26
874,19/04/2018 5:00,19/04/2018,5356.03
875,19/04/2018 5:30,19/04/2018,5546.15
876,19/04/2018 6:00,19/04/2018,5770.49
877,19/04/2018 6:30,19/04/2018,6048.98
878,19/04/2018 7:00,19/04/2018,6368.39
879,19/04/2018 7:30,19/04/2018,6635.04
880,19/04/2018 8:00,19/04/2018,6544.77
881,19/04/2018 8:30,19/04/2018,6463.59
882,19/04/2018 9:00,19/04/2018,6339.39
883,19/04/2018 9:30,19/04/2018,6313.56
884,19/04/2018 10:00,19/04/2018,6245.21
885,19/04/2018 10:30,19/04/2018,6324.81
886,19/04/2018 11:00,19/04/2018,6351.78
887,19/04/2018 11:30,19/04/2018,6283.52
888,19/04/2018 12:00,19/04/2018,6291.35
889,19/04/2018 12:30,19/04/2018,6367.98
890,19/04/2018 13:00,19/04/2018,6441.26
891,19/04/2018 13:30,19/04/2018,6508.19
892,19/04/2018 14:00,19/04/2018,6529.9
893,19/04/2018 14:30,19/04/2018,6590.1
894,19/04/2018 15:00,19/04/2018,6709.14
895,19/04/2018 15:30,19/04/2018,6820.22
896,19/04/2018 16:00,19/04/2018,6926.2
897,19/04/2018 16:30,19/04/2018,7089.72
898,19/04/2018 17:00,19/04/2018,7214.59
899,19/04/2018 17:30,19/04/2018,7245.63
900,19/04/2018 18:00,19/04/2018,7399.35
901,19/04/2018 18:30,19/04/2018,7487.5
902,19/04/2018 19:00,19/04/2018,7479.05
903,19/04/2018 19:30,19/04/2018,7251.33
904,19/04/2018 20:00,19/04/2018,7125.77
905,19/04/2018 20:30,19/04/2018,7046.18
906,19/04/2018 21:00,19/04/2018,6839.88
907,19/04/2018 21:30,19/04/2018,6707.88
908,19/04/2018 22:00,19/04/2018,6517.13
909,19/04/2018 22:30,19/04/2018,6361.54
910,19/04/2018 23:00,19/04/2018,6240.85
911,19/04/2018 23:30,19/04/2018,6050.79
912,20/04/2018 0:00,20/04/2018,5819.8
913,20/04/2018 0:30,20/04/2018,5638.54
914,20/04/2018 1:00,20/04/2018,5499.11
915,20/04/2018 1:30,20/04/2018,5385.08
916,20/04/2018 2:00,20/04/2018,5352.06
917,20/04/2018 2:30,20/04/2018,5339.28
918,20/04/2018 3:00,20/04/2018,5307.32
919,20/04/2018 3:30,20/04/2018,5282.87
920,20/04/2018 4:00,20/04/2018,5292.8
921,20/04/2018 4:30,20/04/2018,5373.49
922,20/04/2018 5:00,20/04/2018,5451.32
923,20/04/2018 5:30,20/04/2018,5686.9
924,20/04/2018 6:00,20/04/2018,5870.75
925,20/04/2018 6:30,20/04/2018,6155.59
926,20/04/2018 7:00,20/04/2018,6461.68
927,20/04/2018 7:30,20/04/2018,6695.39
928,20/04/2018 8:00,20/04/2018,6664.4
929,20/04/2018 8:30,20/04/2018,6562.78
930,20/04/2018 9:00,20/04/2018,6479.23
931,20/04/2018 9:30,20/04/2018,6466.04
932,20/04/2018 10:00,20/04/2018,6466.08
933,20/04/2018 10:30,20/04/2018,6500.44
934,20/04/2018 11:00,20/04/2018,6483.72
935,20/04/2018 11:30,20/04/2018,6529.09
936,20/04/2018 12:00,20/04/2018,6616.07
937,20/04/2018 12:30,20/04/2018,6779.65
938,20/04/2018 13:00,20/04/2018,6875.59
939,20/04/2018 13:30,20/04/2018,6928.65
940,20/04/2018 14:00,20/04/2018,6949.96
941,20/04/2018 14:30,20/04/2018,6942.28
942,20/04/2018 15:00,20/04/2018,6965.55
943,20/04/2018 15:30,20/04/2018,6972.44
944,20/04/2018 16:00,20/04/2018,7033.35
945,20/04/2018 16:30,20/04/2018,7109.15
946,20/04/2018 17:00,20/04/2018,7197.63
947,20/04/2018 17:30,20/04/2018,7202.15
948,20/04/2018 18:00,20/04/2018,7221.44
949,20/04/2018 18:30,20/04/2018,7227.09
950,20/04/2018 19:00,20/04/2018,7202.95
951,20/04/2018 19:30,20/04/2018,7032.48
952,20/04/2018 20:00,20/04/2018,6965.52
953,20/04/2018 20:30,20/04/2018,6849.99
954,20/04/2018 21:00,20/04/2018,6675.38
955,20/04/2018 21:30,20/04/2018,6558.64
956,20/04/2018 22:00,20/04/2018,6323.45
957,20/04/2018 22:30,20/04/2018,6285.02
958,20/04/2018 23:00,20/04/2018,6222.11
959,20/04/2018 23:30,20/04/2018,6042.99
960,21/04/2018 0:00,21/04/2018,5741.22
961,21/04/2018 0:30,21/04/2018,5525.36
962,21/04/2018 1:00,21/04/2018,5408.16
963,21/04/2018 1:30,21/04/2018,5284.5
964,21/04/2018 2:00,21/04/2018,5242.03
965,21/04/2018 2:30,21/04/2018,5240.42
966,21/04/2018 3:00,21/04/2018,5218.52
967,21/04/2018 3:30,21/04/2018,5204.79
968,21/04/2018 4:00,21/04/2018,5178.93
969,21/04/2018 4:30,21/04/2018,5176.21
970,21/04/2018 5:00,21/04/2018,5197.5
971,21/04/2018 5:30,21/04/2018,5257.45
972,21/04/2018 6:00,21/04/2018,5391.53
973,21/04/2018 6:30,21/04/2018,5529.97
974,21/04/2018 7:00,21/04/2018,5688.87
975,21/04/2018 7:30,21/04/2018,5810.07
976,21/04/2018 8:00,21/04/2018,5819.03
977,21/04/2018 8:30,21/04/2018,5829.84
978,21/04/2018 9:00,21/04/2018,5792.9
979,21/04/2018 9:30,21/04/2018,5757.02
980,21/04/2018 10:00,21/04/2018,5688.79
981,21/04/2018 10:30,21/04/2018,5660.97
982,21/04/2018 11:00,21/04/2018,5648.35
983,21/04/2018 11:30,21/04/2018,5684.94
984,21/04/2018 12:00,21/04/2018,5704.08
985,21/04/2018 12:30,21/04/2018,5705.14
986,21/04/2018 13:00,21/04/2018,5751.33
987,21/04/2018 13:30,21/04/2018,5759.69
988,21/04/2018 14:00,21/04/2018,5910.81
989,21/04/2018 14:30,21/04/2018,5990.76
990,21/04/2018 15:00,21/04/2018,6056.07
991,21/04/2018 15:30,21/04/2018,6190.49
992,21/04/2018 16:00,21/04/2018,6269.3
993,21/04/2018 16:30,21/04/2018,6388.73
994,21/04/2018 17:00,21/04/2018,6547.23
995,21/04/2018 17:30,21/04/2018,6687.27
996,21/04/2018 18:00,21/04/2018,6822.1
997,21/04/2018 18:30,21/04/2018,6935.76
998,21/04/2018 19:00,21/04/2018,6903.78
999,21/04/2018 19:30,21/04/2018,6733.62
1000,21/04/2018 20:00,21/04/2018,6615.19
1001,21/04/2018 20:30,21/04/2018,6541.53
1002,21/04/2018 21:00,21/04/2018,6367.06
1003,21/04/2018 21:30,21/04/2018,6255.93
1004,21/04/2018 22:00,21/04/2018,6107.7
1005,21/04/2018 22:30,21/04/2018,6076.78
1006,21/04/2018 23:00,21/04/2018,6043.07
1007,21/04/2018 23:30,21/04/2018,5877.4
1008,22/04/2018 0:00,22/04/2018,5615.65
1009,22/04/2018 0:30,22/04/2018,5448.83
1010,22/04/2018 1:00,22/04/2018,5304.57
1011,22/04/2018 1:30,22/04/2018,5194.29
1012,22/04/2018 2:00,22/04/2018,5160.17
1013,22/04/2018 2:30,22/04/2018,5080.35
1014,22/04/2018 3:00,22/04/2018,5040.64
1015,22/04/2018 3:30,22/04/2018,5047.89
1016,22/04/2018 4:00,22/04/2018,5038.59
1017,22/04/2018 4:30,22/04/2018,5053.62
1018,22/04/2018 5:00,22/04/2018,5079.93
1019,22/04/2018 5:30,22/04/2018,5135.7
1020,22/04/2018 6:00,22/04/2018,5200.55
1021,22/04/2018 6:30,22/04/2018,5260.1
1022,22/04/2018 7:00,22/04/2018,5374.54
1023,22/04/2018 7:30,22/04/2018,5414.55
1024,22/04/2018 8:00,22/04/2018,5403.66
1025,22/04/2018 8:30,22/04/2018,5410.91
1026,22/04/2018 9:00,22/04/2018,5477.85
1027,22/04/2018 9:30,22/04/2018,5515.08
1028,22/04/2018 10:00,22/04/2018,5504.59
1029,22/04/2018 10:30,22/04/2018,5507.4
1030,22/04/2018 11:00,22/04/2018,5479.64
1031,22/04/2018 11:30,22/04/2018,5458.26
1032,22/04/2018 12:00,22/04/2018,5501.48
1033,22/04/2018 12:30,22/04/2018,5475.95
1034,22/04/2018 13:00,22/04/2018,5463.1
1035,22/04/2018 13:30,22/04/2018,5447.68
1036,22/04/2018 14:00,22/04/2018,5504.97
1037,22/04/2018 14:30,22/04/2018,5591.8
1038,22/04/2018 15:00,22/04/2018,5656.28
1039,22/04/2018 15:30,22/04/2018,5838.08
1040,22/04/2018 16:00,22/04/2018,5994.92
1041,22/04/2018 16:30,22/04/2018,6250.19
1042,22/04/2018 17:00,22/04/2018,6493.26
1043,22/04/2018 17:30,22/04/2018,6714.27
1044,22/04/2018 18:00,22/04/2018,6903.16
1045,22/04/2018 18:30,22/04/2018,7041.89
1046,22/04/2018 19:00,22/04/2018,6998.37
1047,22/04/2018 19:30,22/04/2018,6817.68
1048,22/04/2018 20:00,22/04/2018,6672.92
1049,22/04/2018 20:30,22/04/2018,6574.53
1050,22/04/2018 21:00,22/04/2018,6363.11
1051,22/04/2018 21:30,22/04/2018,6254.27
1052,22/04/2018 22:00,22/04/2018,6061.68
1053,22/04/2018 22:30,22/04/2018,6018.07
1054,22/04/2018 23:00,22/04/2018,5911.14
1055,22/04/2018 23:30,22/04/2018,5750.02
1056,23/04/2018 0:00,23/04/2018,5486.36
1057,23/04/2018 0:30,23/04/2018,5318.36
1058,23/04/2018 1:00,23/04/2018,5245.82
1059,23/04/2018 1:30,23/04/2018,5131.41
1060,23/04/2018 2:00,23/04/2018,5116.95
1061,23/04/2018 2:30,23/04/2018,5052.78
1062,23/04/2018 3:00,23/04/2018,5044.09
1063,23/04/2018 3:30,23/04/2018,5043.98
1064,23/04/2018 4:00,23/04/2018,5084.16
1065,23/04/2018 4:30,23/04/2018,5166.5
1066,23/04/2018 5:00,23/04/2018,5277.69
1067,23/04/2018 5:30,23/04/2018,5467.32
1068,23/04/2018 6:00,23/04/2018,5713.17
1069,23/04/2018 6:30,23/04/2018,6016.28
1070,23/04/2018 7:00,23/04/2018,6333.39
1071,23/04/2018 7:30,23/04/2018,6556.01
1072,23/04/2018 8:00,23/04/2018,6507.61
1073,23/04/2018 8:30,23/04/2018,6332.04
1074,23/04/2018 9:00,23/04/2018,6187.41
1075,23/04/2018 9:30,23/04/2018,6104.06
1076,23/04/2018 10:00,23/04/2018,6024.83
1077,23/04/2018 10:30,23/04/2018,6034.45
1078,23/04/2018 11:00,23/04/2018,6061.88
1079,23/04/2018 11:30,23/04/2018,6046.05
1080,23/04/2018 12:00,23/04/2018,6117.71
1081,23/04/2018 12:30,23/04/2018,6133.76
1082,23/04/2018 13:00,23/04/2018,6216.61
1083,23/04/2018 13:30,23/04/2018,6341.86
1084,23/04/2018 14:00,23/04/2018,6397.29
1085,23/04/2018 14:30,23/04/2018,6538.73
1086,23/04/2018 15:00,23/04/2018,6627.48
1087,23/04/2018 15:30,23/04/2018,6661.95
1088,23/04/2018 16:00,23/04/2018,6816.09
1089,23/04/2018 16:30,23/04/2018,6952.33
1090,23/04/2018 17:00,23/04/2018,7137.76
1091,23/04/2018 17:30,23/04/2018,7248.76
1092,23/04/2018 18:00,23/04/2018,7395.72
1093,23/04/2018 18:30,23/04/2018,7506.29
1094,23/04/2018 19:00,23/04/2018,7424.34
1095,23/04/2018 19:30,23/04/2018,7194.8
1096,23/04/2018 20:00,23/04/2018,7108.7
1097,23/04/2018 20:30,23/04/2018,6978.25
1098,23/04/2018 21:00,23/04/2018,6736.63
1099,23/04/2018 21:30,23/04/2018,6611.91
1100,23/04/2018 22:00,23/04/2018,6400.41
1101,23/04/2018 22:30,23/04/2018,6286.85
1102,23/04/2018 23:00,23/04/2018,6220.94
1103,23/04/2018 23:30,23/04/2018,6004.04
1104,24/04/2018 0:00,24/04/2018,5710.7
1105,24/04/2018 0:30,24/04/2018,5485.83
1106,24/04/2018 1:00,24/04/2018,5352.85
1107,24/04/2018 1:30,24/04/2018,5238.39
1108,24/04/2018 2:00,24/04/2018,5185.84
1109,24/04/2018 2:30,24/04/2018,5158.06
1110,24/04/2018 3:00,24/04/2018,5170.48
1111,24/04/2018 3:30,24/04/2018,5153.24
1112,24/04/2018 4:00,24/04/2018,5170.55
1113,24/04/2018 4:30,24/04/2018,5233.12
1114,24/04/2018 5:00,24/04/2018,5367.08
1115,24/04/2018 5:30,24/04/2018,5543.5
1116,24/04/2018 6:00,24/04/2018,5727.39
1117,24/04/2018 6:30,24/04/2018,6072.56
1118,24/04/2018 7:00,24/04/2018,6375.05
1119,24/04/2018 7:30,24/04/2018,6552.06
1120,24/04/2018 8:00,24/04/2018,6461.24
1121,24/04/2018 8:30,24/04/2018,6321.36
1122,24/04/2018 9:00,24/04/2018,6147.02
1123,24/04/2018 9:30,24/04/2018,6066.5
1124,24/04/2018 10:00,24/04/2018,5936.25
1125,24/04/2018 10:30,24/04/2018,5874.64
1126,24/04/2018 11:00,24/04/2018,5862.97
1127,24/04/2018 11:30,24/04/2018,5843.64
1128,24/04/2018 12:00,24/04/2018,5874.19
1129,24/04/2018 12:30,24/04/2018,5946.21
1130,24/04/2018 13:00,24/04/2018,6050.21
1131,24/04/2018 13:30,24/04/2018,6189.67
1132,24/04/2018 14:00,24/04/2018,6278.53
1133,24/04/2018 14:30,24/04/2018,6401.36
1134,24/04/2018 15:00,24/04/2018,6472.71
1135,24/04/2018 15:30,24/04/2018,6602.96
1136,24/04/2018 16:00,24/04/2018,6700.18
1137,24/04/2018 16:30,24/04/2018,6860.29
1138,24/04/2018 17:00,24/04/2018,6997.71
1139,24/04/2018 17:30,24/04/2018,7095.5
1140,24/04/2018 18:00,24/04/2018,7242.78
1141,24/04/2018 18:30,24/04/2018,7246.61
1142,24/04/2018 19:00,24/04/2018,7191.22
1143,24/04/2018 19:30,24/04/2018,7019.78
1144,24/04/2018 20:00,24/04/2018,6962.07
1145,24/04/2018 20:30,24/04/2018,6804.45
1146,24/04/2018 21:00,24/04/2018,6616.13
1147,24/04/2018 21:30,24/04/2018,6513.51
1148,24/04/2018 22:00,24/04/2018,6323.7
1149,24/04/2018 22:30,24/04/2018,6219.15
1150,24/04/2018 23:00,24/04/2018,6142.38
1151,24/04/2018 23:30,24/04/2018,5968.3
1152,25/04/2018 0:00,25/04/2018,5630.16
1153,25/04/2018 0:30,25/04/2018,5458.76
1154,25/04/2018 1:00,25/04/2018,5337.14
1155,25/04/2018 1:30,25/04/2018,5260.42
1156,25/04/2018 2:00,25/04/2018,5220.52
1157,25/04/2018 2:30,25/04/2018,5161.67
1158,25/04/2018 3:00,25/04/2018,5103.01
1159,25/04/2018 3:30,25/04/2018,5083.26
1160,25/04/2018 4:00,25/04/2018,5013.53
1161,25/04/2018 4:30,25/04/2018,5022.04
1162,25/04/2018 5:00,25/04/2018,5097.73
1163,25/04/2018 5:30,25/04/2018,5182.67
1164,25/04/2018 6:00,25/04/2018,5261.64
1165,25/04/2018 6:30,25/04/2018,5358.3
1166,25/04/2018 7:00,25/04/2018,5414.57
1167,25/04/2018 7:30,25/04/2018,5487.02
1168,25/04/2018 8:00,25/04/2018,5428.87
1169,25/04/2018 8:30,25/04/2018,5435.1
1170,25/04/2018 9:00,25/04/2018,5380.7
1171,25/04/2018 9:30,25/04/2018,5325.69
1172,25/04/2018 10:00,25/04/2018,5265.68
1173,25/04/2018 10:30,25/04/2018,5204.38
1174,25/04/2018 11:00,25/04/2018,5189.45
1175,25/04/2018 11:30,25/04/2018,5257.5
1176,25/04/2018 12:00,25/04/2018,5304.4
1177,25/04/2018 12:30,25/04/2018,5319.06
1178,25/04/2018 13:00,25/04/2018,5421.4
1179,25/04/2018 13:30,25/04/2018,5430.65
1180,25/04/2018 14:00,25/04/2018,5535
1181,25/04/2018 14:30,25/04/2018,5626.99
1182,25/04/2018 15:00,25/04/2018,5696.56
1183,25/04/2018 15:30,25/04/2018,5828.7
1184,25/04/2018 16:00,25/04/2018,6011.09
1185,25/04/2018 16:30,25/04/2018,6201.84
1186,25/04/2018 17:00,25/04/2018,6424.2
1187,25/04/2018 17:30,25/04/2018,6686.71
1188,25/04/2018 18:00,25/04/2018,6938.05
1189,25/04/2018 18:30,25/04/2018,7002.68
1190,25/04/2018 19:00,25/04/2018,6943.89
1191,25/04/2018 19:30,25/04/2018,6804.98
1192,25/04/2018 20:00,25/04/2018,6675.54
1193,25/04/2018 20:30,25/04/2018,6619.37
1194,25/04/2018 21:00,25/04/2018,6343.66
1195,25/04/2018 21:30,25/04/2018,6176.57
1196,25/04/2018 22:00,25/04/2018,6038.73
1197,25/04/2018 22:30,25/04/2018,5942
1198,25/04/2018 23:00,25/04/2018,5902.26
1199,25/04/2018 23:30,25/04/2018,5722.18
1200,26/04/2018 0:00,26/04/2018,5472.99
1201,26/04/2018 0:30,26/04/2018,5325.25
1202,26/04/2018 1:00,26/04/2018,5249.93
1203,26/04/2018 1:30,26/04/2018,5125.7
1204,26/04/2018 2:00,26/04/2018,5035.52
1205,26/04/2018 2:30,26/04/2018,5041.64
1206,26/04/2018 3:00,26/04/2018,5042.02
1207,26/04/2018 3:30,26/04/2018,5037.16
1208,26/04/2018 4:00,26/04/2018,5071.19
1209,26/04/2018 4:30,26/04/2018,5146.94
1210,26/04/2018 5:00,26/04/2018,5215.5
1211,26/04/2018 5:30,26/04/2018,5429.09
1212,26/04/2018 6:00,26/04/2018,5680.12
1213,26/04/2018 6:30,26/04/2018,6032.2
1214,26/04/2018 7:00,26/04/2018,6319.33
1215,26/04/2018 7:30,26/04/2018,6521.66
1216,26/04/2018 8:00,26/04/2018,6422.42
1217,26/04/2018 8:30,26/04/2018,6075.93
1218,26/04/2018 9:00,26/04/2018,6141.52
1219,26/04/2018 9:30,26/04/2018,6102.52
1220,26/04/2018 10:00,26/04/2018,6005.64
1221,26/04/2018 10:30,26/04/2018,5972.8
1222,26/04/2018 11:00,26/04/2018,5970.8
1223,26/04/2018 11:30,26/04/2018,5949.43
1224,26/04/2018 12:00,26/04/2018,6013.09
1225,26/04/2018 12:30,26/04/2018,6070.9
1226,26/04/2018 13:00,26/04/2018,6154.98
1227,26/04/2018 13:30,26/04/2018,6227.05
1228,26/04/2018 14:00,26/04/2018,6338.65
1229,26/04/2018 14:30,26/04/2018,6475.32
1230,26/04/2018 15:00,26/04/2018,6586.66
1231,26/04/2018 15:30,26/04/2018,6692.92
1232,26/04/2018 16:00,26/04/2018,6858.28
1233,26/04/2018 16:30,26/04/2018,7024.23
1234,26/04/2018 17:00,26/04/2018,7191.14
1235,26/04/2018 17:30,26/04/2018,7297.84
1236,26/04/2018 18:00,26/04/2018,7422.11
1237,26/04/2018 18:30,26/04/2018,7476.5
1238,26/04/2018 19:00,26/04/2018,7449.51
1239,26/04/2018 19:30,26/04/2018,7268.28
1240,26/04/2018 20:00,26/04/2018,7173.95
1241,26/04/2018 20:30,26/04/2018,7068.98
1242,26/04/2018 21:00,26/04/2018,6810.41
1243,26/04/2018 21:30,26/04/2018,6626.68
1244,26/04/2018 22:00,26/04/2018,6374.52
1245,26/04/2018 22:30,26/04/2018,6281.75
1246,26/04/2018 23:00,26/04/2018,6180
1247,26/04/2018 23:30,26/04/2018,5993.87
1248,27/04/2018 0:00,27/04/2018,5660.72
1249,27/04/2018 0:30,27/04/2018,5501.8
1250,27/04/2018 1:00,27/04/2018,5343.64
1251,27/04/2018 1:30,27/04/2018,5235.53
1252,27/04/2018 2:00,27/04/2018,5178.58
1253,27/04/2018 2:30,27/04/2018,5180.17
1254,27/04/2018 3:00,27/04/2018,5189.77
1255,27/04/2018 3:30,27/04/2018,5183.28
1256,27/04/2018 4:00,27/04/2018,5168.08
1257,27/04/2018 4:30,27/04/2018,5212.5
1258,27/04/2018 5:00,27/04/2018,5324.38
1259,27/04/2018 5:30,27/04/2018,5504.72
1260,27/04/2018 6:00,27/04/2018,5717.54
1261,27/04/2018 6:30,27/04/2018,6029.41
1262,27/04/2018 7:00,27/04/2018,6341.29
1263,27/04/2018 7:30,27/04/2018,6540.77
1264,27/04/2018 8:00,27/04/2018,6496.07
1265,27/04/2018 8:30,27/04/2018,6385.1
1266,27/04/2018 9:00,27/04/2018,6238.04
1267,27/04/2018 9:30,27/04/2018,6169.03
1268,27/04/2018 10:00,27/04/2018,6117.89
1269,27/04/2018 10:30,27/04/2018,6048
1270,27/04/2018 11:00,27/04/2018,6058.53
1271,27/04/2018 11:30,27/04/2018,6053.73
1272,27/04/2018 12:00,27/04/2018,6079.37
1273,27/04/2018 12:30,27/04/2018,6062.97
1274,27/04/2018 13:00,27/04/2018,6092.16
1275,27/04/2018 13:30,27/04/2018,6141.09
1276,27/04/2018 14:00,27/04/2018,6230.3
1277,27/04/2018 14:30,27/04/2018,6342.86
1278,27/04/2018 15:00,27/04/2018,6464.72
1279,27/04/2018 15:30,27/04/2018,6543.71
1280,27/04/2018 16:00,27/04/2018,6689.59
1281,27/04/2018 16:30,27/04/2018,6828.51
1282,27/04/2018 17:00,27/04/2018,6971.55
1283,27/04/2018 17:30,27/04/2018,7051.34
1284,27/04/2018 18:00,27/04/2018,7148.29
1285,27/04/2018 18:30,27/04/2018,7142.16
1286,27/04/2018 19:00,27/04/2018,7052.47
1287,27/04/2018 19:30,27/04/2018,6875.75
1288,27/04/2018 20:00,27/04/2018,6829.17
1289,27/04/2018 20:30,27/04/2018,6719.7
1290,27/04/2018 21:00,27/04/2018,6556.04
1291,27/04/2018 21:30,27/04/2018,6431.36
1292,27/04/2018 22:00,27/04/2018,6246.74
1293,27/04/2018 22:30,27/04/2018,6176.38
1294,27/04/2018 23:00,27/04/2018,6096.62
1295,27/04/2018 23:30,27/04/2018,5920.81
1296,28/04/2018 0:00,28/04/2018,5625.78
1297,28/04/2018 0:30,28/04/2018,5505.88
1298,28/04/2018 1:00,28/04/2018,5349.82
1299,28/04/2018 1:30,28/04/2018,5220.68
1300,28/04/2018 2:00,28/04/2018,5142.07
1301,28/04/2018 2:30,28/04/2018,5147.99
1302,28/04/2018 3:00,28/04/2018,5078.03
1303,28/04/2018 3:30,28/04/2018,5086.16
1304,28/04/2018 4:00,28/04/2018,5080.99
1305,28/04/2018 4:30,28/04/2018,5098.16
1306,28/04/2018 5:00,28/04/2018,5099.69
1307,28/04/2018 5:30,28/04/2018,5200.59
1308,28/04/2018 6:00,28/04/2018,5304.23
1309,28/04/2018 6:30,28/04/2018,5412.22
1310,28/04/2018 7:00,28/04/2018,5527.92
1311,28/04/2018 7:30,28/04/2018,5671.71
1312,28/04/2018 8:00,28/04/2018,5679.72
1313,28/04/2018 8:30,28/04/2018,5677.13
1314,28/04/2018 9:00,28/04/2018,5652.18
1315,28/04/2018 9:30,28/04/2018,5682.65
1316,28/04/2018 10:00,28/04/2018,5608.4
1317,28/04/2018 10:30,28/04/2018,5619.73
1318,28/04/2018 11:00,28/04/2018,5572.58
1319,28/04/2018 11:30,28/04/2018,5443.35
1320,28/04/2018 12:00,28/04/2018,5400.87
1321,28/04/2018 12:30,28/04/2018,5342.21
1322,28/04/2018 13:00,28/04/2018,5411.37
1323,28/04/2018 13:30,28/04/2018,5473.65
1324,28/04/2018 14:00,28/04/2018,5552.81
1325,28/04/2018 14:30,28/04/2018,5682.42
1326,28/04/2018 15:00,28/04/2018,5807.68
1327,28/04/2018 15:30,28/04/2018,5914.65
1328,28/04/2018 16:00,28/04/2018,6034.79
1329,28/04/2018 16:30,28/04/2018,6229.32
1330,28/04/2018 17:00,28/04/2018,6447.86
1331,28/04/2018 17:30,28/04/2018,6626.78
1332,28/04/2018 18:00,28/04/2018,6780.9
1333,28/04/2018 18:30,28/04/2018,6832.41
1334,28/04/2018 19:00,28/04/2018,6750.78
1335,28/04/2018 19:30,28/04/2018,6562.46
1336,28/04/2018 20:00,28/04/2018,6468.94
1337,28/04/2018 20:30,28/04/2018,6444.74
1338,28/04/2018 21:00,28/04/2018,6301.44
1339,28/04/2018 21:30,28/04/2018,6137.8
1340,28/04/2018 22:00,28/04/2018,6032.32
1341,28/04/2018 22:30,28/04/2018,5952.38
1342,28/04/2018 23:00,28/04/2018,5966.37
1343,28/04/2018 23:30,28/04/2018,5842.3
1344,29/04/2018 0:00,29/04/2018,5563.43
1345,29/04/2018 0:30,29/04/2018,5408.21
1346,29/04/2018 1:00,29/04/2018,5301.13
1347,29/04/2018 1:30,29/04/2018,5179.59
1348,29/04/2018 2:00,29/04/2018,5085.22
1349,29/04/2018 2:30,29/04/2018,5055.84
1350,29/04/2018 3:00,29/04/2018,5028.32
1351,29/04/2018 3:30,29/04/2018,5014.94
1352,29/04/2018 4:00,29/04/2018,5007.62
1353,29/04/2018 4:30,29/04/2018,5007.81
1354,29/04/2018 5:00,29/04/2018,5036.86
1355,29/04/2018 5:30,29/04/2018,5103.43
1356,29/04/2018 6:00,29/04/2018,5164.79
1357,29/04/2018 6:30,29/04/2018,5215.18
1358,29/04/2018 7:00,29/04/2018,5298.63
1359,29/04/2018 7:30,29/04/2018,5372.55
1360,29/04/2018 8:00,29/04/2018,5390.15
1361,29/04/2018 8:30,29/04/2018,5382.3
1362,29/04/2018 9:00,29/04/2018,5340.46
1363,29/04/2018 9:30,29/04/2018,5352.65
1364,29/04/2018 10:00,29/04/2018,5243.9
1365,29/04/2018 10:30,29/04/2018,5192.12
1366,29/04/2018 11:00,29/04/2018,5164.8
1367,29/04/2018 11:30,29/04/2018,5174.48
1368,29/04/2018 12:00,29/04/2018,5247.87
1369,29/04/2018 12:30,29/04/2018,5261.44
1370,29/04/2018 13:00,29/04/2018,5302.26
1371,29/04/2018 13:30,29/04/2018,5306.39
1372,29/04/2018 14:00,29/04/2018,5371.83
1373,29/04/2018 14:30,29/04/2018,5499.38
1374,29/04/2018 15:00,29/04/2018,5636.19
1375,29/04/2018 15:30,29/04/2018,5766.51
1376,29/04/2018 16:00,29/04/2018,5941.73
1377,29/04/2018 16:30,29/04/2018,6126.67
1378,29/04/2018 17:00,29/04/2018,6407.95
1379,29/04/2018 17:30,29/04/2018,6685.91
1380,29/04/2018 18:00,29/04/2018,6876.49
1381,29/04/2018 18:30,29/04/2018,6993.24
1382,29/04/2018 19:00,29/04/2018,6950.15
1383,29/04/2018 19:30,29/04/2018,6757.04
1384,29/04/2018 20:00,29/04/2018,6627.95
1385,29/04/2018 20:30,29/04/2018,6501.15
1386,29/04/2018 21:00,29/04/2018,6348.58
1387,29/04/2018 21:30,29/04/2018,6226.26
1388,29/04/2018 22:00,29/04/2018,6033.67
1389,29/04/2018 22:30,29/04/2018,5883.3
1390,29/04/2018 23:00,29/04/2018,5868.63
1391,29/04/2018 23:30,29/04/2018,5751.54
1392,30/04/2018 0:00,30/04/2018,5498.79
1393,30/04/2018 0:30,30/04/2018,5322.18
1394,30/04/2018 1:00,30/04/2018,5244.37
1395,30/04/2018 1:30,30/04/2018,5120.64
1396,30/04/2018 2:00,30/04/2018,5072.22
1397,30/04/2018 2:30,30/04/2018,5026.64
1398,30/04/2018 3:00,30/04/2018,5023.8
1399,30/04/2018 3:30,30/04/2018,5037.22
1400,30/04/2018 4:00,30/04/2018,5051.04
1401,30/04/2018 4:30,30/04/2018,5105.98
1402,30/04/2018 5:00,30/04/2018,5193.87
1403,30/04/2018 5:30,30/04/2018,5406.53
1404,30/04/2018 6:00,30/04/2018,5636.37
1405,30/04/2018 6:30,30/04/2018,5976.74
1406,30/04/2018 7:00,30/04/2018,6281.54
1407,30/04/2018 7:30,30/04/2018,6513.68
1408,30/04/2018 8:00,30/04/2018,6416.57
1409,30/04/2018 8:30,30/04/2018,6244.74
1410,30/04/2018 9:00,30/04/2018,6115.49
1411,30/04/2018 9:30,30/04/2018,6010.63
1412,30/04/2018 10:00,30/04/2018,5774.2
1413,30/04/2018 10:30,30/04/2018,5697.73
1414,30/04/2018 11:00,30/04/2018,5676.96
1415,30/04/2018 11:30,30/04/2018,5675.14
1416,30/04/2018 12:00,30/04/2018,5720.98
1417,30/04/2018 12:30,30/04/2018,5741.42
1418,30/04/2018 13:00,30/04/2018,5766.29
1419,30/04/2018 13:30,30/04/2018,5883.02
1420,30/04/2018 14:00,30/04/2018,5956.59
1421,30/04/2018 14:30,30/04/2018,6072
1422,30/04/2018 15:00,30/04/2018,6198.02
1423,30/04/2018 15:30,30/04/2018,6316.16
1424,30/04/2018 16:00,30/04/2018,6450.19
1425,30/04/2018 16:30,30/04/2018,6661.53
1426,30/04/2018 17:00,30/04/2018,6849.11
1427,30/04/2018 17:30,30/04/2018,7038.87
1428,30/04/2018 18:00,30/04/2018,7271.19
1429,30/04/2018 18:30,30/04/2018,7277.66
1430,30/04/2018 19:00,30/04/2018,7251.14
1431,30/04/2018 19:30,30/04/2018,7052.29
1432,30/04/2018 20:00,30/04/2018,6929.67
1433,30/04/2018 20:30,30/04/2018,6806.45
1434,30/04/2018 21:00,30/04/2018,6601.51
1435,30/04/2018 21:30,30/04/2018,6502.12
1436,30/04/2018 22:00,30/04/2018,6315.76
1437,30/04/2018 22:30,30/04/2018,6190.21
1438,30/04/2018 23:00,30/04/2018,6114.8
1439,30/04/2018 23:30,30/04/2018,5914.61
1440,1/05/2018 0:00,1/05/2018,5621.6
1441,1/05/2018 0:30,1/05/2018,5450.16
1442,1/05/2018 1:00,1/05/2018,5321.9
1443,1/05/2018 1:30,1/05/2018,5263.95
1444,1/05/2018 2:00,1/05/2018,5234
1445,1/05/2018 2:30,1/05/2018,5185.45
1446,1/05/2018 3:00,1/05/2018,5166.97
1447,1/05/2018 3:30,1/05/2018,5143.26
1448,1/05/2018 4:00,1/05/2018,5113.96
1449,1/05/2018 4:30,1/05/2018,5181.67
1450,1/05/2018 5:00,1/05/2018,5277.55
1451,1/05/2018 5:30,1/05/2018,5490.19
1452,1/05/2018 6:00,1/05/2018,5720.17
1453,1/05/2018 6:30,1/05/2018,6112.55
1454,1/05/2018 7:00,1/05/2018,6425.97
1455,1/05/2018 7:30,1/05/2018,6627.75
1456,1/05/2018 8:00,1/05/2018,6525.68
1457,1/05/2018 8:30,1/05/2018,6342.19
1458,1/05/2018 9:00,1/05/2018,6137.97
1459,1/05/2018 9:30,1/05/2018,6092.72
1460,1/05/2018 10:00,1/05/2018,5975.51
1461,1/05/2018 10:30,1/05/2018,5912.84
1462,1/05/2018 11:00,1/05/2018,5895
1463,1/05/2018 11:30,1/05/2018,5933.01
1464,1/05/2018 12:00,1/05/2018,6001.71
1465,1/05/2018 12:30,1/05/2018,6061.95
1466,1/05/2018 13:00,1/05/2018,5941.03
1467,1/05/2018 13:30,1/05/2018,5813.25
1468,1/05/2018 14:00,1/05/2018,6057.36
1469,1/05/2018 14:30,1/05/2018,6219.14
1470,1/05/2018 15:00,1/05/2018,6278.22
1471,1/05/2018 15:30,1/05/2018,6412.57
1472,1/05/2018 16:00,1/05/2018,6591.21
1473,1/05/2018 16:30,1/05/2018,6739.69
1474,1/05/2018 17:00,1/05/2018,6939.02
1475,1/05/2018 17:30,1/05/2018,7152.37
1476,1/05/2018 18:00,1/05/2018,7334.4
1477,1/05/2018 18:30,1/05/2018,7326.89
1478,1/05/2018 19:00,1/05/2018,7296.69
1479,1/05/2018 19:30,1/05/2018,7102.1
1480,1/05/2018 20:00,1/05/2018,6966.9
1481,1/05/2018 20:30,1/05/2018,6844.66
1482,1/05/2018 21:00,1/05/2018,6610.53
1483,1/05/2018 21:30,1/05/2018,6437.87
1484,1/05/2018 22:00,1/05/2018,6290.24
1485,1/05/2018 22:30,1/05/2018,6186.71
1486,1/05/2018 23:00,1/05/2018,6107.41
1487,1/05/2018 23:30,1/05/2018,5906.53
1488,2/05/2018 0:00,2/05/2018,5681.89
1489,2/05/2018 0:30,2/05/2018,5423.99
1490,2/05/2018 1:00,2/05/2018,5318.56
1491,2/05/2018 1:30,2/05/2018,5231.9
1492,2/05/2018 2:00,2/05/2018,5189.26
1493,2/05/2018 2:30,2/05/2018,5178.99
1494,2/05/2018 3:00,2/05/2018,5172.51
1495,2/05/2018 3:30,2/05/2018,5146
1496,2/05/2018 4:00,2/05/2018,5169.01
1497,2/05/2018 4:30,2/05/2018,5220.48
1498,2/05/2018 5:00,2/05/2018,5322.52
1499,2/05/2018 5:30,2/05/2018,5550.2
1500,2/05/2018 6:00,2/05/2018,5769.3
1501,2/05/2018 6:30,2/05/2018,6115.94
1502,2/05/2018 7:00,2/05/2018,6467.28
1503,2/05/2018 7:30,2/05/2018,6708.08
1504,2/05/2018 8:00,2/05/2018,6672.86
1505,2/05/2018 8:30,2/05/2018,6491.71
1506,2/05/2018 9:00,2/05/2018,6347.88
1507,2/05/2018 9:30,2/05/2018,6211.07
1508,2/05/2018 10:00,2/05/2018,6096.35
1509,2/05/2018 10:30,2/05/2018,6173.91
1510,2/05/2018 11:00,2/05/2018,6213.98
1511,2/05/2018 11:30,2/05/2018,6169.84
1512,2/05/2018 12:00,2/05/2018,6203.35
1513,2/05/2018 12:30,2/05/2018,6229.14
1514,2/05/2018 13:00,2/05/2018,6252.96
1515,2/05/2018 13:30,2/05/2018,6258.17
1516,2/05/2018 14:00,2/05/2018,6274.11
1517,2/05/2018 14:30,2/05/2018,6322.85
1518,2/05/2018 15:00,2/05/2018,6409.14
1519,2/05/2018 15:30,2/05/2018,6522.42
1520,2/05/2018 16:00,2/05/2018,6600.32
1521,2/05/2018 16:30,2/05/2018,6800.47
1522,2/05/2018 17:00,2/05/2018,7064.39
1523,2/05/2018 17:30,2/05/2018,7197.82
1524,2/05/2018 18:00,2/05/2018,7380.24
1525,2/05/2018 18:30,2/05/2018,7404.27
1526,2/05/2018 19:00,2/05/2018,7416.53
1527,2/05/2018 19:30,2/05/2018,7186.4
1528,2/05/2018 20:00,2/05/2018,7074.97
1529,2/05/2018 20:30,2/05/2018,6978.49
1530,2/05/2018 21:00,2/05/2018,6751.83
1531,2/05/2018 21:30,2/05/2018,6552.22
1532,2/05/2018 22:00,2/05/2018,6348.19
1533,2/05/2018 22:30,2/05/2018,6278.84
1534,2/05/2018 23:00,2/05/2018,6219.72
1535,2/05/2018 23:30,2/05/2018,5994.09
1536,3/05/2018 0:00,3/05/2018,5683.79
1537,3/05/2018 0:30,3/05/2018,5529.48
1538,3/05/2018 1:00,3/05/2018,5388.95
1539,3/05/2018 1:30,3/05/2018,5276.43
1540,3/05/2018 2:00,3/05/2018,5251.71
1541,3/05/2018 2:30,3/05/2018,5252.24
1542,3/05/2018 3:00,3/05/2018,5231.49
1543,3/05/2018 3:30,3/05/2018,5224.73
1544,3/05/2018 4:00,3/05/2018,5201.79
1545,3/05/2018 4:30,3/05/2018,5303.48
1546,3/05/2018 5:00,3/05/2018,5359.62
1547,3/05/2018 5:30,3/05/2018,5567.27
1548,3/05/2018 6:00,3/05/2018,5816.85
1549,3/05/2018 6:30,3/05/2018,6152.3
1550,3/05/2018 7:00,3/05/2018,6448.49
1551,3/05/2018 7:30,3/05/2018,6659.18
1552,3/05/2018 8:00,3/05/2018,6577.73
1553,3/05/2018 8:30,3/05/2018,6434.9
1554,3/05/2018 9:00,3/05/2018,6274.97
1555,3/05/2018 9:30,3/05/2018,6212.01
1556,3/05/2018 10:00,3/05/2018,6141.34
1557,3/05/2018 10:30,3/05/2018,6174.69
1558,3/05/2018 11:00,3/05/2018,6197.64
1559,3/05/2018 11:30,3/05/2018,6199.97
1560,3/05/2018 12:00,3/05/2018,6190.6
1561,3/05/2018 12:30,3/05/2018,6164.76
1562,3/05/2018 13:00,3/05/2018,6208.84
1563,3/05/2018 13:30,3/05/2018,6251.78
1564,3/05/2018 14:00,3/05/2018,6337.18
1565,3/05/2018 14:30,3/05/2018,6434.86
1566,3/05/2018 15:00,3/05/2018,6543.53
1567,3/05/2018 15:30,3/05/2018,6631.03
1568,3/05/2018 16:00,3/05/2018,6749.77
1569,3/05/2018 16:30,3/05/2018,6932.94
1570,3/05/2018 17:00,3/05/2018,7075.67
1571,3/05/2018 17:30,3/05/2018,7229.33
1572,3/05/2018 18:00,3/05/2018,7388.6
1573,3/05/2018 18:30,3/05/2018,7445.32
1574,3/05/2018 19:00,3/05/2018,7436.99
1575,3/05/2018 19:30,3/05/2018,7234.81
1576,3/05/2018 20:00,3/05/2018,7137.12
1577,3/05/2018 20:30,3/05/2018,7041.22
1578,3/05/2018 21:00,3/05/2018,6790.82
1579,3/05/2018 21:30,3/05/2018,6609.79
1580,3/05/2018 22:00,3/05/2018,6431.03
1581,3/05/2018 22:30,3/05/2018,6273.84
1582,3/05/2018 23:00,3/05/2018,6207.86
1583,3/05/2018 23:30,3/05/2018,6008.72
1584,4/05/2018 0:00,4/05/2018,5715.35
1585,4/05/2018 0:30,4/05/2018,5544.56
1586,4/05/2018 1:00,4/05/2018,5397.94
1587,4/05/2018 1:30,4/05/2018,5299.43
1588,4/05/2018 2:00,4/05/2018,5255.94
1589,4/05/2018 2:30,4/05/2018,5197.19
1590,4/05/2018 3:00,4/05/2018,5214.03
1591,4/05/2018 3:30,4/05/2018,5228.89
1592,4/05/2018 4:00,4/05/2018,5178.81
1593,4/05/2018 4:30,4/05/2018,5249.3
1594,4/05/2018 5:00,4/05/2018,5413.04
1595,4/05/2018 5:30,4/05/2018,5611.7
1596,4/05/2018 6:00,4/05/2018,5810.52
1597,4/05/2018 6:30,4/05/2018,6093.89
1598,4/05/2018 7:00,4/05/2018,6442.36
1599,4/05/2018 7:30,4/05/2018,6659.9
1600,4/05/2018 8:00,4/05/2018,6572.44
1601,4/05/2018 8:30,4/05/2018,6460.54
1602,4/05/2018 9:00,4/05/2018,6298.58
1603,4/05/2018 9:30,4/05/2018,6193.7
1604,4/05/2018 10:00,4/05/2018,6162
1605,4/05/2018 10:30,4/05/2018,6076.89
1606,4/05/2018 11:00,4/05/2018,6040.36
1607,4/05/2018 11:30,4/05/2018,6085.84
1608,4/05/2018 12:00,4/05/2018,6143.6
1609,4/05/2018 12:30,4/05/2018,6164.36
1610,4/05/2018 13:00,4/05/2018,6190.87
1611,4/05/2018 13:30,4/05/2018,6210.25
1612,4/05/2018 14:00,4/05/2018,6266
1613,4/05/2018 14:30,4/05/2018,6389.32
1614,4/05/2018 15:00,4/05/2018,6496.71
1615,4/05/2018 15:30,4/05/2018,6615.64
1616,4/05/2018 16:00,4/05/2018,6785.06
1617,4/05/2018 16:30,4/05/2018,6980.52
1618,4/05/2018 17:00,4/05/2018,7104.41
1619,4/05/2018 17:30,4/05/2018,7183.56
1620,4/05/2018 18:00,4/05/2018,7365.1
1621,4/05/2018 18:30,4/05/2018,7277.65
1622,4/05/2018 19:00,4/05/2018,7225.32
1623,4/05/2018 19:30,4/05/2018,7061.56
1624,4/05/2018 20:00,4/05/2018,6958.96
1625,4/05/2018 20:30,4/05/2018,6855.22
1626,4/05/2018 21:00,4/05/2018,6671.33
1627,4/05/2018 21:30,4/05/2018,6481.29
1628,4/05/2018 22:00,4/05/2018,6359.66
1629,4/05/2018 22:30,4/05/2018,6319.15
1630,4/05/2018 23:00,4/05/2018,6159.65
1631,4/05/2018 23:30,4/05/2018,5957.15
1632,5/05/2018 0:00,5/05/2018,5761.52
1633,5/05/2018 0:30,5/05/2018,5576.62
1634,5/05/2018 1:00,5/05/2018,5444.99
1635,5/05/2018 1:30,5/05/2018,5355.78
1636,5/05/2018 2:00,5/05/2018,5289.33
1637,5/05/2018 2:30,5/05/2018,5223.71
1638,5/05/2018 3:00,5/05/2018,5220.32
1639,5/05/2018 3:30,5/05/2018,5197.13
1640,5/05/2018 4:00,5/05/2018,5195.29
1641,5/05/2018 4:30,5/05/2018,5194.43
1642,5/05/2018 5:00,5/05/2018,5228.14
1643,5/05/2018 5:30,5/05/2018,5337.97
1644,5/05/2018 6:00,5/05/2018,5402.25
1645,5/05/2018 6:30,5/05/2018,5514.88
1646,5/05/2018 7:00,5/05/2018,5620.25
1647,5/05/2018 7:30,5/05/2018,5767.68
1648,5/05/2018 8:00,5/05/2018,5795.23
1649,5/05/2018 8:30,5/05/2018,5833.7
1650,5/05/2018 9:00,5/05/2018,5806.53
1651,5/05/2018 9:30,5/05/2018,5721.12
1652,5/05/2018 10:00,5/05/2018,5624.88
1653,5/05/2018 10:30,5/05/2018,5554.36
1654,5/05/2018 11:00,5/05/2018,5511.55
1655,5/05/2018 11:30,5/05/2018,5488.5
1656,5/05/2018 12:00,5/05/2018,5482.48
1657,5/05/2018 12:30,5/05/2018,5479.51
1658,5/05/2018 13:00,5/05/2018,5467.7
1659,5/05/2018 13:30,5/05/2018,5519.86
1660,5/05/2018 14:00,5/05/2018,5650.17
1661,5/05/2018 14:30,5/05/2018,5711.13
1662,5/05/2018 15:00,5/05/2018,5808.57
1663,5/05/2018 15:30,5/05/2018,5967.23
1664,5/05/2018 16:00,5/05/2018,6191.94
1665,5/05/2018 16:30,5/05/2018,6328.21
1666,5/05/2018 17:00,5/05/2018,6540.47
1667,5/05/2018 17:30,5/05/2018,6721.71
1668,5/05/2018 18:00,5/05/2018,6861.08
1669,5/05/2018 18:30,5/05/2018,6847.32
1670,5/05/2018 19:00,5/05/2018,6821.95
1671,5/05/2018 19:30,5/05/2018,6660.14
1672,5/05/2018 20:00,5/05/2018,6555.12
1673,5/05/2018 20:30,5/05/2018,6441.64
1674,5/05/2018 21:00,5/05/2018,6274.02
1675,5/05/2018 21:30,5/05/2018,6145.93
1676,5/05/2018 22:00,5/05/2018,6082.26
1677,5/05/2018 22:30,5/05/2018,6050.59
1678,5/05/2018 23:00,5/05/2018,5957.2
1679,5/05/2018 23:30,5/05/2018,5801.76
1680,6/05/2018 0:00,6/05/2018,5615.17
1681,6/05/2018 0:30,6/05/2018,5465.95
1682,6/05/2018 1:00,6/05/2018,5307.87
1683,6/05/2018 1:30,6/05/2018,5230.57
1684,6/05/2018 2:00,6/05/2018,5143.34
1685,6/05/2018 2:30,6/05/2018,5092.82
1686,6/05/2018 3:00,6/05/2018,5092.42
1687,6/05/2018 3:30,6/05/2018,5091.49
1688,6/05/2018 4:00,6/05/2018,5076.79
1689,6/05/2018 4:30,6/05/2018,5086.59
1690,6/05/2018 5:00,6/05/2018,5109.89
1691,6/05/2018 5:30,6/05/2018,5183.09
1692,6/05/2018 6:00,6/05/2018,5201.09
1693,6/05/2018 6:30,6/05/2018,5273.69
1694,6/05/2018 7:00,6/05/2018,5301.08
1695,6/05/2018 7:30,6/05/2018,5412.75
1696,6/05/2018 8:00,6/05/2018,5439.08
1697,6/05/2018 8:30,6/05/2018,5438.18
1698,6/05/2018 9:00,6/05/2018,5383.01
1699,6/05/2018 9:30,6/05/2018,5341.68
1700,6/05/2018 10:00,6/05/2018,5280.68
1701,6/05/2018 10:30,6/05/2018,5193.21
1702,6/05/2018 11:00,6/05/2018,5179.39
1703,6/05/2018 11:30,6/05/2018,5165.76
1704,6/05/2018 12:00,6/05/2018,5165.18
1705,6/05/2018 12:30,6/05/2018,5192.14
1706,6/05/2018 13:00,6/05/2018,5245.11
1707,6/05/2018 13:30,6/05/2018,5304.71
1708,6/05/2018 14:00,6/05/2018,5414.5
1709,6/05/2018 14:30,6/05/2018,5533.85
1710,6/05/2018 15:00,6/05/2018,5666.65
1711,6/05/2018 15:30,6/05/2018,5784.62
1712,6/05/2018 16:00,6/05/2018,5949.16
1713,6/05/2018 16:30,6/05/2018,6131.14
1714,6/05/2018 17:00,6/05/2018,6295.49
1715,6/05/2018 17:30,6/05/2018,6486.6
1716,6/05/2018 18:00,6/05/2018,6688.71
1717,6/05/2018 18:30,6/05/2018,6683.09
1718,6/05/2018 19:00,6/05/2018,6584.15
1719,6/05/2018 19:30,6/05/2018,6440.11
1720,6/05/2018 20:00,6/05/2018,6403.79
1721,6/05/2018 20:30,6/05/2018,6337.48
1722,6/05/2018 21:00,6/05/2018,6170.02
1723,6/05/2018 21:30,6/05/2018,6082.7
1724,6/05/2018 22:00,6/05/2018,5990.5
1725,6/05/2018 22:30,6/05/2018,5930.25
1726,6/05/2018 23:00,6/05/2018,5876.36
1727,6/05/2018 23:30,6/05/2018,5717.84
1728,7/05/2018 0:00,7/05/2018,5506.47
1729,7/05/2018 0:30,7/05/2018,5312.69
1730,7/05/2018 1:00,7/05/2018,5175.56
1731,7/05/2018 1:30,7/05/2018,5142.35
1732,7/05/2018 2:00,7/05/2018,5057.13
1733,7/05/2018 2:30,7/05/2018,5014.54
1734,7/05/2018 3:00,7/05/2018,5018.19
1735,7/05/2018 3:30,7/05/2018,5012.98
1736,7/05/2018 4:00,7/05/2018,5009.34
1737,7/05/2018 4:30,7/05/2018,5032.18
1738,7/05/2018 5:00,7/05/2018,5102.74
1739,7/05/2018 5:30,7/05/2018,5160.11
1740,7/05/2018 6:00,7/05/2018,5210.49
1741,7/05/2018 6:30,7/05/2018,5340.63
1742,7/05/2018 7:00,7/05/2018,5372.79
1743,7/05/2018 7:30,7/05/2018,5483.37
1744,7/05/2018 8:00,7/05/2018,5555.91
1745,7/05/2018 8:30,7/05/2018,5611.06
1746,7/05/2018 9:00,7/05/2018,5624.42
1747,7/05/2018 9:30,7/05/2018,5645.96
1748,7/05/2018 10:00,7/05/2018,5765.97
1749,7/05/2018 10:30,7/05/2018,5667.96
1750,7/05/2018 11:00,7/05/2018,5566.66
1751,7/05/2018 11:30,7/05/2018,5603.73
1752,7/05/2018 12:00,7/05/2018,5649.98
1753,7/05/2018 12:30,7/05/2018,5673.82
1754,7/05/2018 13:00,7/05/2018,5695.96
1755,7/05/2018 13:30,7/05/2018,5764.38
1756,7/05/2018 14:00,7/05/2018,5864.53
1757,7/05/2018 14:30,7/05/2018,5940.13
1758,7/05/2018 15:00,7/05/2018,6033.04
1759,7/05/2018 15:30,7/05/2018,6122.06
1760,7/05/2018 16:00,7/05/2018,6243.64
1761,7/05/2018 16:30,7/05/2018,6399.29
1762,7/05/2018 17:00,7/05/2018,6606.94
1763,7/05/2018 17:30,7/05/2018,6845.81
1764,7/05/2018 18:00,7/05/2018,7000.25
1765,7/05/2018 18:30,7/05/2018,6941.84
1766,7/05/2018 19:00,7/05/2018,6882.95
1767,7/05/2018 19:30,7/05/2018,6698.93
1768,7/05/2018 20:00,7/05/2018,6645.68
1769,7/05/2018 20:30,7/05/2018,6556.39
1770,7/05/2018 21:00,7/05/2018,6358.97
1771,7/05/2018 21:30,7/05/2018,6236.39
1772,7/05/2018 22:00,7/05/2018,6089.48
1773,7/05/2018 22:30,7/05/2018,6009.57
1774,7/05/2018 23:00,7/05/2018,5912.76
1775,7/05/2018 23:30,7/05/2018,5724.85
1776,8/05/2018 0:00,8/05/2018,5539.09
1777,8/05/2018 0:30,8/05/2018,5374.57
1778,8/05/2018 1:00,8/05/2018,5233.79
1779,8/05/2018 1:30,8/05/2018,5126.09
1780,8/05/2018 2:00,8/05/2018,5069.38
1781,8/05/2018 2:30,8/05/2018,5051.23
1782,8/05/2018 3:00,8/05/2018,5023.18
1783,8/05/2018 3:30,8/05/2018,5027.39
1784,8/05/2018 4:00,8/05/2018,5042.86
1785,8/05/2018 4:30,8/05/2018,5106.13
1786,8/05/2018 5:00,8/05/2018,5201.29
1787,8/05/2018 5:30,8/05/2018,5437.44
1788,8/05/2018 6:00,8/05/2018,5680.49
1789,8/05/2018 6:30,8/05/2018,6048.38
1790,8/05/2018 7:00,8/05/2018,6366.53
1791,8/05/2018 7:30,8/05/2018,6650.46
1792,8/05/2018 8:00,8/05/2018,6687.45
1793,8/05/2018 8:30,8/05/2018,6591.03
1794,8/05/2018 9:00,8/05/2018,6555.21
1795,8/05/2018 9:30,8/05/2018,6497.27
1796,8/05/2018 10:00,8/05/2018,6451.53
1797,8/05/2018 10:30,8/05/2018,6423.1
1798,8/05/2018 11:00,8/05/2018,6503.53
1799,8/05/2018 11:30,8/05/2018,6410.2
1800,8/05/2018 12:00,8/05/2018,6415.6
1801,8/05/2018 12:30,8/05/2018,6460.79
1802,8/05/2018 13:00,8/05/2018,6430.99
1803,8/05/2018 13:30,8/05/2018,6528.54
1804,8/05/2018 14:00,8/05/2018,6441.03
1805,8/05/2018 14:30,8/05/2018,6617.88
1806,8/05/2018 15:00,8/05/2018,6677.58
1807,8/05/2018 15:30,8/05/2018,6741.17
1808,8/05/2018 16:00,8/05/2018,6827.99
1809,8/05/2018 16:30,8/05/2018,6952.03
1810,8/05/2018 17:00,8/05/2018,7148.91
1811,8/05/2018 17:30,8/05/2018,7307.1
1812,8/05/2018 18:00,8/05/2018,7417.87
1813,8/05/2018 18:30,8/05/2018,7397.71
1814,8/05/2018 19:00,8/05/2018,7430.28
1815,8/05/2018 19:30,8/05/2018,7192.16
1816,8/05/2018 20:00,8/05/2018,7120.49
1817,8/05/2018 20:30,8/05/2018,6996.44
1818,8/05/2018 21:00,8/05/2018,6772.31
1819,8/05/2018 21:30,8/05/2018,6578.03
1820,8/05/2018 22:00,8/05/2018,6412.12
1821,8/05/2018 22:30,8/05/2018,6306.51
1822,8/05/2018 23:00,8/05/2018,6200.73
1823,8/05/2018 23:30,8/05/2018,5985.64
1824,9/05/2018 0:00,9/05/2018,5755.56
1825,9/05/2018 0:30,9/05/2018,5541.32
1826,9/05/2018 1:00,9/05/2018,5396.7
1827,9/05/2018 1:30,9/05/2018,5273.08
1828,9/05/2018 2:00,9/05/2018,5216.61
1829,9/05/2018 2:30,9/05/2018,5198.75
1830,9/05/2018 3:00,9/05/2018,5141.96
1831,9/05/2018 3:30,9/05/2018,5137.68
1832,9/05/2018 4:00,9/05/2018,5176.72
1833,9/05/2018 4:30,9/05/2018,5257.16
1834,9/05/2018 5:00,9/05/2018,5352.99
1835,9/05/2018 5:30,9/05/2018,5550.24
1836,9/05/2018 6:00,9/05/2018,5770.71
1837,9/05/2018 6:30,9/05/2018,6083.31
1838,9/05/2018 7:00,9/05/2018,6403.89
1839,9/05/2018 7:30,9/05/2018,6658.79
1840,9/05/2018 8:00,9/05/2018,6629.78
1841,9/05/2018 8:30,9/05/2018,6396.51
1842,9/05/2018 9:00,9/05/2018,6229.54
1843,9/05/2018 9:30,9/05/2018,5999.96
1844,9/05/2018 10:00,9/05/2018,5959.31
1845,9/05/2018 10:30,9/05/2018,5941.51
1846,9/05/2018 11:00,9/05/2018,5862.03
1847,9/05/2018 11:30,9/05/2018,5831.79
1848,9/05/2018 12:00,9/05/2018,5867.01
1849,9/05/2018 12:30,9/05/2018,5956.29
1850,9/05/2018 13:00,9/05/2018,6027.6
1851,9/05/2018 13:30,9/05/2018,6100.66
1852,9/05/2018 14:00,9/05/2018,6195.03
1853,9/05/2018 14:30,9/05/2018,6324.63
1854,9/05/2018 15:00,9/05/2018,6430.23
1855,9/05/2018 15:30,9/05/2018,6512.43
1856,9/05/2018 16:00,9/05/2018,6721.92
1857,9/05/2018 16:30,9/05/2018,6900.37
1858,9/05/2018 17:00,9/05/2018,7069.13
1859,9/05/2018 17:30,9/05/2018,7131.61
1860,9/05/2018 18:00,9/05/2018,7118.23
1861,9/05/2018 18:30,9/05/2018,7211.05
1862,9/05/2018 19:00,9/05/2018,7332.07
1863,9/05/2018 19:30,9/05/2018,7181.74
1864,9/05/2018 20:00,9/05/2018,7056.76
1865,9/05/2018 20:30,9/05/2018,6910.14
1866,9/05/2018 21:00,9/05/2018,6711.07
1867,9/05/2018 21:30,9/05/2018,6523.21
1868,9/05/2018 22:00,9/05/2018,6361.74
1869,9/05/2018 22:30,9/05/2018,6234.58
1870,9/05/2018 23:00,9/05/2018,6113.78
1871,9/05/2018 23:30,9/05/2018,5904.8
1872,10/05/2018 0:00,10/05/2018,5702.65
1873,10/05/2018 0:30,10/05/2018,5487.88
1874,10/05/2018 1:00,10/05/2018,5323.79
1875,10/05/2018 1:30,10/05/2018,5217.97
1876,10/05/2018 2:00,10/05/2018,5148.01
1877,10/05/2018 2:30,10/05/2018,5126.86
1878,10/05/2018 3:00,10/05/2018,5115.27
1879,10/05/2018 3:30,10/05/2018,5133.71
1880,10/05/2018 4:00,10/05/2018,5166.81
1881,10/05/2018 4:30,10/05/2018,5235.93
1882,10/05/2018 5:00,10/05/2018,5364.26
1883,10/05/2018 5:30,10/05/2018,5537.35
1884,10/05/2018 6:00,10/05/2018,5747.23
1885,10/05/2018 6:30,10/05/2018,6080.13
1886,10/05/2018 7:00,10/05/2018,6402.45
1887,10/05/2018 7:30,10/05/2018,6581.38
1888,10/05/2018 8:00,10/05/2018,6481.48
1889,10/05/2018 8:30,10/05/2018,6302.69
1890,10/05/2018 9:00,10/05/2018,6110.94
1891,10/05/2018 9:30,10/05/2018,6015.3
1892,10/05/2018 10:00,10/05/2018,5933.33
1893,10/05/2018 10:30,10/05/2018,5860.39
1894,10/05/2018 11:00,10/05/2018,5868.54
1895,10/05/2018 11:30,10/05/2018,5854.84
1896,10/05/2018 12:00,10/05/2018,5826.87
1897,10/05/2018 12:30,10/05/2018,5873.19
1898,10/05/2018 13:00,10/05/2018,5920.58
1899,10/05/2018 13:30,10/05/2018,5967.66
1900,10/05/2018 14:00,10/05/2018,6102.73
1901,10/05/2018 14:30,10/05/2018,6189.66
1902,10/05/2018 15:00,10/05/2018,6320.92
1903,10/05/2018 15:30,10/05/2018,6417.05
1904,10/05/2018 16:00,10/05/2018,6648.76
1905,10/05/2018 16:30,10/05/2018,6826.99
1906,10/05/2018 17:00,10/05/2018,6966.52
1907,10/05/2018 17:30,10/05/2018,7123.34
1908,10/05/2018 18:00,10/05/2018,7316.17
1909,10/05/2018 18:30,10/05/2018,7373.01
1910,10/05/2018 19:00,10/05/2018,7333.12
1911,10/05/2018 19:30,10/05/2018,7165.75
1912,10/05/2018 20:00,10/05/2018,7054.85
1913,10/05/2018 20:30,10/05/2018,6957.32
1914,10/05/2018 21:00,10/05/2018,6758.76
1915,10/05/2018 21:30,10/05/2018,6597.95
1916,10/05/2018 22:00,10/05/2018,6378.5
1917,10/05/2018 22:30,10/05/2018,6280.22
1918,10/05/2018 23:00,10/05/2018,6122.37
1919,10/05/2018 23:30,10/05/2018,5884.51
1920,11/05/2018 0:00,11/05/2018,5666.48
1921,11/05/2018 0:30,11/05/2018,5464.5
1922,11/05/2018 1:00,11/05/2018,5316.97
1923,11/05/2018 1:30,11/05/2018,5199.9
1924,11/05/2018 2:00,11/05/2018,5153.12
1925,11/05/2018 2:30,11/05/2018,5106.49
1926,11/05/2018 3:00,11/05/2018,5088.69
1927,11/05/2018 3:30,11/05/2018,5105.95
1928,11/05/2018 4:00,11/05/2018,5092.47
1929,11/05/2018 4:30,11/05/2018,5173.86
1930,11/05/2018 5:00,11/05/2018,5287.08
1931,11/05/2018 5:30,11/05/2018,5500.1
1932,11/05/2018 6:00,11/05/2018,5728.62
1933,11/05/2018 6:30,11/05/2018,5996.05
1934,11/05/2018 7:00,11/05/2018,6358.65
1935,11/05/2018 7:30,11/05/2018,6539.77
1936,11/05/2018 8:00,11/05/2018,6500.81
1937,11/05/2018 8:30,11/05/2018,6353.05
1938,11/05/2018 9:00,11/05/2018,6138.78
1939,11/05/2018 9:30,11/05/2018,5966.22
1940,11/05/2018 10:00,11/05/2018,5807.67
1941,11/05/2018 10:30,11/05/2018,5698.95
1942,11/05/2018 11:00,11/05/2018,5627.46
1943,11/05/2018 11:30,11/05/2018,5619.28
1944,11/05/2018 12:00,11/05/2018,5631.36
1945,11/05/2018 12:30,11/05/2018,5537.72
1946,11/05/2018 13:00,11/05/2018,5601.92
1947,11/05/2018 13:30,11/05/2018,5667.1
1948,11/05/2018 14:00,11/05/2018,5776.1
1949,11/05/2018 14:30,11/05/2018,5913.02
1950,11/05/2018 15:00,11/05/2018,6018.87
1951,11/05/2018 15:30,11/05/2018,6128.92
1952,11/05/2018 16:00,11/05/2018,6340.05
1953,11/05/2018 16:30,11/05/2018,6557.94
1954,11/05/2018 17:00,11/05/2018,6756.79
1955,11/05/2018 17:30,11/05/2018,6914.13
1956,11/05/2018 18:00,11/05/2018,7100.58
1957,11/05/2018 18:30,11/05/2018,7067.75
1958,11/05/2018 19:00,11/05/2018,7058.35
1959,11/05/2018 19:30,11/05/2018,6874.09
1960,11/05/2018 20:00,11/05/2018,6828.02
1961,11/05/2018 20:30,11/05/2018,6692.59
1962,11/05/2018 21:00,11/05/2018,6584.43
1963,11/05/2018 21:30,11/05/2018,6458.99
1964,11/05/2018 22:00,11/05/2018,6252.06
1965,11/05/2018 22:30,11/05/2018,6163.37
1966,11/05/2018 23:00,11/05/2018,6050.13
1967,11/05/2018 23:30,11/05/2018,5854.17
1968,12/05/2018 0:00,12/05/2018,5650.89
1969,12/05/2018 0:30,12/05/2018,5478.5
1970,12/05/2018 1:00,12/05/2018,5306.84
1971,12/05/2018 1:30,12/05/2018,5229.05
1972,12/05/2018 2:00,12/05/2018,5150.56
1973,12/05/2018 2:30,12/05/2018,5110.95
1974,12/05/2018 3:00,12/05/2018,5082.58
1975,12/05/2018 3:30,12/05/2018,5038.93
1976,12/05/2018 4:00,12/05/2018,5029.57
1977,12/05/2018 4:30,12/05/2018,5078.27
1978,12/05/2018 5:00,12/05/2018,5128.18
1979,12/05/2018 5:30,12/05/2018,5273.32
1980,12/05/2018 6:00,12/05/2018,5346.36
1981,12/05/2018 6:30,12/05/2018,5515.51
1982,12/05/2018 7:00,12/05/2018,5657.98
1983,12/05/2018 7:30,12/05/2018,5773.47
1984,12/05/2018 8:00,12/05/2018,5796.49
1985,12/05/2018 8:30,12/05/2018,5715.06
1986,12/05/2018 9:00,12/05/2018,5641.64
1987,12/05/2018 9:30,12/05/2018,5485.98
1988,12/05/2018 10:00,12/05/2018,5373.94
1989,12/05/2018 10:30,12/05/2018,5216.66
1990,12/05/2018 11:00,12/05/2018,5097.94
1991,12/05/2018 11:30,12/05/2018,5011.44
1992,12/05/2018 12:00,12/05/2018,4957.16
1993,12/05/2018 12:30,12/05/2018,4909.75
1994,12/05/2018 13:00,12/05/2018,4908.42
1995,12/05/2018 13:30,12/05/2018,4995.55
1996,12/05/2018 14:00,12/05/2018,5074.41
1997,12/05/2018 14:30,12/05/2018,5220.46
1998,12/05/2018 15:00,12/05/2018,5335.31
1999,12/05/2018 15:30,12/05/2018,5560.79
2000,12/05/2018 16:00,12/05/2018,5744.04
2001,12/05/2018 16:30,12/05/2018,5969.93
2002,12/05/2018 17:00,12/05/2018,6303.96
2003,12/05/2018 17:30,12/05/2018,6564.69
2004,12/05/2018 18:00,12/05/2018,6783.62
2005,12/05/2018 18:30,12/05/2018,6882.76
2006,12/05/2018 19:00,12/05/2018,6768.03
2007,12/05/2018 19:30,12/05/2018,6625.01
2008,12/05/2018 20:00,12/05/2018,6560.02
2009,12/05/2018 20:30,12/05/2018,6420.52
2010,12/05/2018 21:00,12/05/2018,6255.93
2011,12/05/2018 21:30,12/05/2018,6095.74
2012,12/05/2018 22:00,12/05/2018,6005.99
2013,12/05/2018 22:30,12/05/2018,5952.99
2014,12/05/2018 23:00,12/05/2018,5921.39
2015,12/05/2018 23:30,12/05/2018,5747.86
